FILE_TYPE = CONNECTIVITY;
{Allegro Design Entry HDL 16.3-S021 (v16-3-85AK) 12/6/2010}
"PAGE_NUMBER" = 1;
0"NC";
1"GND_SIGNAL\g";
2"GND_SIGNAL\g";
3"VCC\g";
4"VCC\g";
5"GND_SIGNAL\g";
6"GND_SIGNAL\g";
7"GND_SIGNAL\g";
8"GND_SIGNAL\g";
9"GND_SIGNAL\g";
10"GND_SIGNAL\g";
11"GND_SIGNAL\g";
12"GND_SIGNAL\g";
13"GND_SIGNAL\g";
14"GND_SIGNAL\g";
15"GND_SIGNAL\g";
16"GND_SIGNAL\g";
17"GND_SIGNAL\g";
18"GND_SIGNAL\g";
19"GND_SIGNAL\g";
20"GND_SIGNAL\g";
21"GND_SIGNAL\g";
22"GND_SIGNAL\g";
23"GND_SIGNAL\g";
24"VCC\g";
25"GND_SIGNAL\g";
26"GND_SIGNAL\g";
27"GND_SIGNAL\g";
28"GND_SIGNAL\g";
29"GND_SIGNAL\g";
30"GND_SIGNAL\g";
31"GND_SIGNAL\g";
32"VCC\g";
33"GND_SIGNAL\g";
34"GND_SIGNAL\g";
35"GND_SIGNAL\g";
36"GND_SIGNAL\g";
37"GND_SIGNAL\g";
38"GND_SIGNAL\g";
39"GND_SIGNAL\g";
40"GND_SIGNAL\g";
41"UN$1$CSMT$I187$2";
42"UN$1$CSMT$I89$1";
43"UN$1$CSMT$I71$1";
44"UN$1$CSMT$I185$2";
45"UN$1$RSMT$I59$1";
46"UN$1$DTHSIGNAL$I6$A";
47"UN$1$J5RT$I10$5";
48"UN$1$CSMT$I93$1";
49"UN$1$DSMTSIGNAL$I70$A";
50"UN$1$RSMT$I73$1";
51"UN$1$CSMT$I80$2";
52"UN$1$DSMTSIGNAL$I88$A";
53"UN$1$DSMTSIGNAL$I92$A";
54"UN$1$RSMT$I85$1";
55"UN$1$CSMT$I104$2";
56"UN$1$RSMT$I96$1";
57"UN$1$CSMT$I106$2";
58"UN$1$CSMT$I23$1";
59"UN$1$CSMT$I33$1";
60"UN$1$RSMT$I35$1";
61"UN$1$DSMTSIGNAL$I25$A";
62"UN$1$RSMT$I21$1";
63"UN$1$CSMT$I24$2";
64"UN$1$DSMTSIGNAL$I32$A";
65"UN$1$CSMT$I45$1";
66"UN$1$DSMTSIGNAL$I44$A";
67"UN$1$CSMT$I42$2";
68"UN$1$RSMT$I47$1";
69"UN$1$CSMT$I54$2";
70"UN$1$CSMT$I110$1";
71"UN$1$DSMTSIGNAL$I109$A";
72"UN$1$RSMT$I108$1";
73"UN$1$CSMT$I117$2";
74"UN$1$CSMT$I57$1";
75"UN$1$DSMTSIGNAL$I56$A";
76"UN$1$CSMT$I66$2";
77"UN$1$CSMT$I211$2";
78"UN$1$RSMT$I202$1";
79"UN$1$DSMTSIGNAL$I203$A";
80"UN$1$CSMT$I204$1";
81"UN$1$CSMT$I200$2";
82"UN$1$RSMT$I191$1";
83"UN$1$DSMTSIGNAL$I193$A";
84"UN$1$CSMT$I192$1";
85"UN$1$CSMT$I189$2";
86"UN$1$RSMT$I177$1";
87"UN$1$DSMTSIGNAL$I173$A";
88"UN$1$CSMT$I174$1";
89"UN$1$DSMTSIGNAL$I169$A";
90"UN$1$CSMT$I170$1";
91"UN$1$RSMT$I159$1";
92"UN$1$RSMT$I160$1";
93"UN$1$DSMTSIGNAL$I156$A";
94"UN$1$CSMT$I157$1";
95"UN$1$CSMT$I153$2";
96"UN$1$CSMT$I148$2";
97"UN$1$RSMT$I142$1";
98"UN$1$RSMT$I137$1";
99"UN$1$DSMTSIGNAL$I139$A";
100"UN$1$CSMT$I140$1";
101"UN$1$DSMTSIGNAL$I134$A";
102"UN$1$CSMT$I135$1";
103"UN$1$CSMT$I133$2";
104"UN$1$RSMT$I121$1";
105"UN$1$DSMTSIGNAL$I123$A";
106"UN$1$CSMT$I124$1";
107"UN$1$DTHSIGNAL$I7$A";
108"UN$1$DTHSIGNAL$I6$C";
%"R_TH_CARBON"
"1","(2075,2575)","0","r_resistor","I1";
;
PART_NUMBER"10013752"
TOL"5%"
WATTAGE"1/4W"
MFR_1"YAGEO"
MFR_1_PN"CFR-25J330R"
MFR_1_SPEC"http://a35as03applge.appl.ge.com/Part_Data_Sheets/Yageo/R_TH-Yageo_all.pdf"
MFR_2"NIC"
MFR_2_PN"NCF25J331TRF"
MFR_2_SPEC"http://a35as03applge.appl.ge.com/Part_Data_Sheets/NIC/R_TH_Carbon-NIC_NCF.pdf"
MFR_3"KOA"
MFR_3_PN"CF1/4CXXX331J"
MFR_3_SPEC"http://a35as03applge.appl.ge.com/Part_Data_Sheets/KOA/R_TH_carbon-KOA_CF.pdf"
MFR_4"HKR"
MFR_4_PN"CFR25330RJ"
MFR_4_SPEC"http://a35as03applge.appl.ge.com/Part_Data_Sheets/HKR/R_TH_carbon-HKR_CF.pdf"
$LOCATION"R2"
CDS_LOCATION"R2"
$SEC"1"
CDS_SEC"1"
JEDEC_TYPE"RES_12P5_3D_0P9H"
TYPE"CARBON"
PART_NAME"R_TH_CARBON_1_4W"
VALUE"330"
CDS_LIB"r_resistor"
CDS_LMAN_SYM_OUTLINE"-75,25,75,-25"
NEEDS_NO_SIZE"True";
"2"
$PN"2"0;
"1"
$PN"1"
$WATTAGE"?"47;
%"J_5_RT"
"1","(2375,225)","0","j_connector2fjumper","I10";
;
PART_NUMBER"10017317"
MFR_1"AMP"
MFR_1_PN"640457-5"
MFR_1_SPEC"http://a35as03applge.appl.ge.com/part_data_sheets/amp/amp_640457.pdf"
$LOCATION"J2"
CDS_LOCATION"J2"
$SEC"1"
CDS_SEC"1"
JEDEC_TYPE"CONN-TYCO-5PIN-100MIL-RT"
PART_NAME"J_5_RT_AMP_640457"
VALUE"640457-5"
CDS_LIB"j_connector2fjumper"
CDS_LMAN_SYM_OUTLINE"-75,150,75,-150"
NEEDS_NO_SIZE"TRUE";
"5"
$PN"5"47;
"4"
$PN"4"0;
"3"
$PN"3"0;
"2"
$PN"2"0;
"1"
$PN"1"0;
%"U_LM324_SERIES"
"2","(7475,575)","6","u_ic","I100";
;
PART_NUMBER"10019427"
$LOCATION"U2"
CDS_LOCATION"U2"
$SEC"2"
CDS_SEC"2"
CDS_LIB"u_ic"
CDS_LMAN_SYM_OUTLINE"-200,125,100,-175"
VALUE"LM324D"
PART_NAME"U_LM324_SERIES_SO14"
JEDEC_TYPE"SO14";
"OUT<SIZE-1..0>"
$PN"7"53;
"IP<SIZE-1..0>"
$PN"5"57;
"IN<SIZE-1..0>"
$PN"6"56;
%"R_SMT"
"1","(6975,375)","1","r_resistor","I101";
;
PART_NUMBER"10006506"
TOL"5%"
WATTAGE"1/8W"
$LOCATION"R27"
CDS_LOCATION"R27"
$SEC"1"
CDS_SEC"1"
CDS_LIB"r_resistor"
CDS_LMAN_SYM_OUTLINE"-75,25,75,-25"
VALUE"47K"
NEEDS_NO_SIZE"True"
PART_NAME"R_SMT_0805"
TYPE"TF-SMT0805"
JEDEC_TYPE"RESC-0805_W";
"2"
$PN"2"57;
"1"
$PN"1"
$WATTAGE"?"1;
%"D_SMT_SCHOTTKY"
"1","(6700,375)","1","d_diode","I102";
;
PART_NUMBER"10004915"
$LOCATION"D13"
CDS_LOCATION"D13"
$SEC"1"
CDS_SEC"1"
CDS_LIB"d_diode"
CDS_LMAN_SYM_OUTLINE"-50,50,50,-50"
$ALT_SYMBOLS"?"
VALUE"MBR0530"
NEEDS_NO_SIZE"true"
IF"500MA"
PART_NAME"D_SMT_SCHOTTKY_SOD-123"
TYPE"SCHOTTKY"
VRRM"30V"
JEDEC_TYPE"SOD-123_W";
"A"
$PN"A"
Clock"False"1;
"C"
$PN"C"
Clock"False"57;
%"GND_SIGNAL"
"1","(6550,1900)","0","standard","I103";
;
CDS_LIB"standard"
BODY_TYPE"PLUMBING"
HDL_POWER"GND_SIGNAL";
"GND"38;
%"C_SMT"
"1","(6525,1575)","1","c_capacitor","I104";
;
PART_NUMBER"10000680"
VOLT"16V"
TOL"20%"
$LOCATION"C13"
CDS_LOCATION"C13"
$SEC"1"
CDS_SEC"1"
CDS_LIB"c_capacitor"
CDS_LMAN_SYM_OUTLINE"-50,25,50,-25"
$ALT_SYMBOLS"?"
$TEMP"?"
VALUE"0.1UF"
JEDEC_TYPE"CAPC-0805_W"
TYPE"X7R"
PART_NAME"C_SMT_X7R_0805"
NEEDS_NO_SIZE"true";
"2"
$PN"2"
Clock"False"55;
"1"
$PN"1"
Clock"False"0;
%"GND_SIGNAL"
"1","(6525,850)","0","standard","I105";
;
CDS_LIB"standard"
BODY_TYPE"PLUMBING"
HDL_POWER"GND_SIGNAL";
"GND"37;
%"C_SMT"
"1","(6500,525)","1","c_capacitor","I106";
;
PART_NUMBER"10000680"
VOLT"16V"
TOL"20%"
$LOCATION"C12"
CDS_LOCATION"C12"
$SEC"1"
CDS_SEC"1"
CDS_LIB"c_capacitor"
CDS_LMAN_SYM_OUTLINE"-50,25,50,-25"
$ALT_SYMBOLS"?"
$TEMP"?"
VALUE"0.1UF"
JEDEC_TYPE"CAPC-0805_W"
TYPE"X7R"
PART_NAME"C_SMT_X7R_0805"
NEEDS_NO_SIZE"true";
"2"
$PN"2"
Clock"False"57;
"1"
$PN"1"
Clock"False"0;
%"R_SMT"
"1","(8525,-700)","1","r_resistor","I107";
;
PART_NUMBER"10006466"
TOL"5%"
WATTAGE"1/8W"
$LOCATION"R36"
CDS_LOCATION"R36"
$SEC"1"
CDS_SEC"1"
CDS_LIB"r_resistor"
CDS_LMAN_SYM_OUTLINE"-75,25,75,-25"
VALUE"1.0K"
NEEDS_NO_SIZE"True"
PART_NAME"R_SMT_0805"
TYPE"TF-SMT0805"
JEDEC_TYPE"RESC-0805_W";
"2"
$PN"2"70;
"1"
$PN"1"
$WATTAGE"?"36;
%"R_SMT"
"1","(7850,-150)","0","r_resistor","I108";
;
PART_NUMBER"10006514"
TOL"5%"
WATTAGE"1/8W"
$LOCATION"R33"
CDS_LOCATION"R33"
$SEC"1"
CDS_SEC"1"
CDS_LIB"r_resistor"
CDS_LMAN_SYM_OUTLINE"-75,25,75,-25"
VALUE"100K"
JEDEC_TYPE"RESC-0805_W"
TYPE"TF-SMT0805"
PART_NAME"R_SMT_0805"
NEEDS_NO_SIZE"True";
"2"
$PN"2"70;
"1"
$PN"1"
$WATTAGE"?"72;
%"D_SMT_SIGNAL"
"1","(7925,-550)","0","d_diode","I109";
;
PART_NUMBER"10004947"
$LOCATION"D18"
CDS_LOCATION"D18"
$SEC"1"
CDS_SEC"1"
CDS_LIB"d_diode"
CDS_LMAN_SYM_OUTLINE"-50,50,50,-50"
$ALT_SYMBOLS"?"
VALUE"MMBD4148"
NEEDS_NO_SIZE"true"
IF"200MA"
PART_NAME"D_SMT_SIGNAL_1A3C_SOT-23"
TYPE"SIGNAL-3PIN"
VRRM"75V"
JEDEC_TYPE"SOT-23_W";
"A"
$PN"1"
Clock"False"71;
"C"
$PN"3"
Clock"False"70;
%"J_5_RT"
"1","(2350,-200)","0","j_connector2fjumper","I11";
;
PART_NUMBER"10017317"
MFR_1"AMP"
MFR_1_PN"640457-5"
MFR_1_SPEC"http://a35as03applge.appl.ge.com/part_data_sheets/amp/amp_640457.pdf"
$LOCATION"J1"
CDS_LOCATION"J1"
$SEC"1"
CDS_SEC"1"
JEDEC_TYPE"CONN-TYCO-5PIN-100MIL-RT"
PART_NAME"J_5_RT_AMP_640457"
VALUE"640457-5"
CDS_LIB"j_connector2fjumper"
CDS_LMAN_SYM_OUTLINE"-75,150,75,-150"
NEEDS_NO_SIZE"TRUE";
"5"
$PN"5"47;
"4"
$PN"4"0;
"3"
$PN"3"0;
"2"
$PN"2"0;
"1"
$PN"1"0;
%"C_SMT"
"1","(8175,-700)","0","c_capacitor","I110";
;
PART_NUMBER"10000680"
VOLT"16V"
TOL"20%"
$LOCATION"C18"
CDS_LOCATION"C18"
$SEC"1"
CDS_SEC"1"
CDS_LIB"c_capacitor"
CDS_LMAN_SYM_OUTLINE"-50,25,50,-25"
$ALT_SYMBOLS"?"
$TEMP"?"
VALUE"0.1UF"
JEDEC_TYPE"CAPC-0805_W"
TYPE"X7R"
PART_NAME"C_SMT_X7R_0805"
NEEDS_NO_SIZE"true";
"2"
$PN"2"
Clock"False"36;
"1"
$PN"1"
Clock"False"70;
%"GND_SIGNAL"
"1","(8125,-1050)","0","standard","I111";
;
CDS_LIB"standard"
BODY_TYPE"PLUMBING"
HDL_POWER"GND_SIGNAL";
"GND"36;
%"U_LM324_SERIES"
"2","(7575,-550)","6","u_ic","I112";
;
PART_NUMBER"10019427"
$LOCATION"U2"
CDS_LOCATION"U2"
$SEC"4"
CDS_SEC"4"
CDS_LIB"u_ic"
CDS_LMAN_SYM_OUTLINE"-200,125,100,-175"
VALUE"LM324D"
JEDEC_TYPE"SO14"
PART_NAME"U_LM324_SERIES_SO14";
"OUT<SIZE-1..0>"
$PN"14"71;
"IP<SIZE-1..0>"
$PN"12"73;
"IN<SIZE-1..0>"
$PN"13"72;
%"R_SMT"
"1","(7000,-150)","0","r_resistor","I113";
;
PART_NUMBER"10006514"
TOL"5%"
WATTAGE"1/8W"
$LOCATION"R29"
CDS_LOCATION"R29"
$SEC"1"
CDS_SEC"1"
CDS_LIB"r_resistor"
CDS_LMAN_SYM_OUTLINE"-75,25,75,-25"
VALUE"100K"
NEEDS_NO_SIZE"True"
PART_NAME"R_SMT_0805"
TYPE"TF-SMT0805"
JEDEC_TYPE"RESC-0805_W";
"2"
$PN"2"72;
"1"
$PN"1"
$WATTAGE"?"35;
%"R_SMT"
"1","(7075,-750)","1","r_resistor","I114";
;
PART_NUMBER"10006506"
TOL"5%"
WATTAGE"1/8W"
$LOCATION"R30"
CDS_LOCATION"R30"
$SEC"1"
CDS_SEC"1"
CDS_LIB"r_resistor"
CDS_LMAN_SYM_OUTLINE"-75,25,75,-25"
VALUE"47K"
NEEDS_NO_SIZE"True"
PART_NAME"R_SMT_0805"
TYPE"TF-SMT0805"
JEDEC_TYPE"RESC-0805_W";
"2"
$PN"2"73;
"1"
$PN"1"
$WATTAGE"?"36;
%"D_SMT_SCHOTTKY"
"1","(6800,-750)","1","d_diode","I115";
;
PART_NUMBER"10004915"
$LOCATION"D15"
CDS_LOCATION"D15"
$SEC"1"
CDS_SEC"1"
CDS_LIB"d_diode"
CDS_LMAN_SYM_OUTLINE"-50,50,50,-50"
$ALT_SYMBOLS"?"
VALUE"MBR0530"
NEEDS_NO_SIZE"true"
IF"500MA"
PART_NAME"D_SMT_SCHOTTKY_SOD-123"
TYPE"SCHOTTKY"
VRRM"30V"
JEDEC_TYPE"SOD-123_W";
"A"
$PN"A"
Clock"False"36;
"C"
$PN"C"
Clock"False"73;
%"GND_SIGNAL"
"1","(6625,-275)","0","standard","I116";
;
CDS_LIB"standard"
BODY_TYPE"PLUMBING"
HDL_POWER"GND_SIGNAL";
"GND"35;
%"C_SMT"
"1","(6600,-600)","1","c_capacitor","I117";
;
PART_NUMBER"10000680"
VOLT"16V"
TOL"20%"
$LOCATION"C14"
CDS_LOCATION"C14"
$SEC"1"
CDS_SEC"1"
CDS_LIB"c_capacitor"
CDS_LMAN_SYM_OUTLINE"-50,25,50,-25"
$ALT_SYMBOLS"?"
$TEMP"?"
VALUE"0.1UF"
JEDEC_TYPE"CAPC-0805_W"
TYPE"X7R"
PART_NAME"C_SMT_X7R_0805"
NEEDS_NO_SIZE"true";
"2"
$PN"2"
Clock"False"73;
"1"
$PN"1"
Clock"False"0;
%"R_SMT"
"1","(13500,2575)","1","r_resistor","I118";
;
PART_NUMBER"10006466"
TOL"5%"
WATTAGE"1/8W"
$LOCATION"R67"
CDS_LOCATION"R67"
$SEC"1"
CDS_SEC"1"
CDS_LIB"r_resistor"
CDS_LMAN_SYM_OUTLINE"-75,25,75,-25"
VALUE"1.0K"
NEEDS_NO_SIZE"True"
PART_NAME"R_SMT_0805"
TYPE"TF-SMT0805"
JEDEC_TYPE"RESC-0805_W";
"2"
$PN"2"106;
"1"
$PN"1"
$WATTAGE"?"34;
%"R_SMT"
"1","(13475,1400)","1","r_resistor","I119";
;
PART_NUMBER"10006466"
TOL"5%"
WATTAGE"1/8W"
$LOCATION"R66"
CDS_LOCATION"R66"
$SEC"1"
CDS_SEC"1"
CDS_LIB"r_resistor"
CDS_LMAN_SYM_OUTLINE"-75,25,75,-25"
VALUE"1.0K"
NEEDS_NO_SIZE"True"
PART_NAME"R_SMT_0805"
TYPE"TF-SMT0805"
JEDEC_TYPE"RESC-0805_W";
"2"
$PN"2"102;
"1"
$PN"1"
$WATTAGE"?"30;
%"J_4_RT"
"1","(2675,1550)","0","j_connector2fjumper","I12";
;
PART_NUMBER"10017233"
MFR_1_SPEC"HTTP://A35AS03APPLGE.APPL.GE.COM/PART_DATA_SHEETS/TYCO/647048.PDF"
MFR_1_PN"3-647048-4"
MFR_1"TYCO"
$LOCATION"J5"
CDS_LOCATION"J5"
$SEC"1"
CDS_SEC"1"
JEDEC_TYPE"CONN-TYCO-4PIN-100MIL-RT"
PART_NAME"J_4_RT_TYCO_3_647048_4"
VALUE"3-647048-4"
CDS_LIB"j_connector2fjumper"
CDS_LMAN_SYM_OUTLINE"-75,125,75,-125"
NEEDS_NO_SIZE"TRUE";
"2"
$PN"2"107;
"1"
$PN"1"46;
"4"
$PN"4"0;
"3"
$PN"3"0;
%"R_SMT"
"1","(13450,350)","1","r_resistor","I120";
;
PART_NUMBER"10006466"
TOL"5%"
WATTAGE"1/8W"
$LOCATION"R65"
CDS_LOCATION"R65"
$SEC"1"
CDS_SEC"1"
CDS_LIB"r_resistor"
CDS_LMAN_SYM_OUTLINE"-75,25,75,-25"
VALUE"1.0K"
NEEDS_NO_SIZE"True"
PART_NAME"R_SMT_0805"
TYPE"TF-SMT0805"
JEDEC_TYPE"RESC-0805_W";
"2"
$PN"2"100;
"1"
$PN"1"
$WATTAGE"?"29;
%"R_SMT"
"1","(12825,3125)","0","r_resistor","I121";
;
PART_NUMBER"10006514"
TOL"5%"
WATTAGE"1/8W"
$LOCATION"R63"
CDS_LOCATION"R63"
$SEC"1"
CDS_SEC"1"
CDS_LIB"r_resistor"
CDS_LMAN_SYM_OUTLINE"-75,25,75,-25"
VALUE"100K"
JEDEC_TYPE"RESC-0805_W"
TYPE"TF-SMT0805"
PART_NAME"R_SMT_0805"
NEEDS_NO_SIZE"True";
"2"
$PN"2"106;
"1"
$PN"1"
$WATTAGE"?"104;
%"C_SMT"
"1","(13050,2900)","0","c_capacitor","I122";
;
PART_NUMBER"10000680"
VOLT"16V"
TOL"20%"
$LOCATION"C32"
CDS_LOCATION"C32"
$SEC"1"
CDS_SEC"1"
CDS_LIB"c_capacitor"
CDS_LMAN_SYM_OUTLINE"-50,25,50,-25"
$ALT_SYMBOLS"?"
$TEMP"?"
VALUE"0.1UF"
JEDEC_TYPE"CAPC-0805_W"
TYPE"X7R"
PART_NAME"C_SMT_X7R_0805"
NEEDS_NO_SIZE"true";
"2"
$PN"2"
Clock"False"32;
"1"
$PN"1"
Clock"False"33;
%"D_SMT_SIGNAL"
"1","(12900,2725)","0","d_diode","I123";
;
PART_NUMBER"10004947"
$LOCATION"D33"
CDS_LOCATION"D33"
$SEC"1"
CDS_SEC"1"
CDS_LIB"d_diode"
CDS_LMAN_SYM_OUTLINE"-50,50,50,-50"
$ALT_SYMBOLS"?"
VALUE"MMBD4148"
NEEDS_NO_SIZE"true"
IF"200MA"
PART_NAME"D_SMT_SIGNAL_1A3C_SOT-23"
TYPE"SIGNAL-3PIN"
VRRM"75V"
JEDEC_TYPE"SOT-23_W";
"A"
$PN"1"
Clock"False"105;
"C"
$PN"3"
Clock"False"106;
%"C_SMT"
"1","(13150,2575)","0","c_capacitor","I124";
;
PART_NUMBER"10000680"
VOLT"16V"
TOL"20%"
$LOCATION"C35"
CDS_LOCATION"C35"
$SEC"1"
CDS_SEC"1"
CDS_LIB"c_capacitor"
CDS_LMAN_SYM_OUTLINE"-50,25,50,-25"
$ALT_SYMBOLS"?"
$TEMP"?"
VALUE"0.1UF"
JEDEC_TYPE"CAPC-0805_W"
TYPE"X7R"
PART_NAME"C_SMT_X7R_0805"
NEEDS_NO_SIZE"true";
"2"
$PN"2"
Clock"False"34;
"1"
$PN"1"
Clock"False"106;
%"GND_SIGNAL"
"1","(13100,2225)","0","standard","I125";
;
CDS_LIB"standard"
BODY_TYPE"PLUMBING"
HDL_POWER"GND_SIGNAL";
"GND"34;
%"GND_SIGNAL"
"1","(12650,2900)","0","standard","I126";
;
CDS_LIB"standard"
BODY_TYPE"PLUMBING"
HDL_POWER"GND_SIGNAL";
"GND"33;
%"U_LM324_SERIES"
"1","(12550,2725)","6","u_ic","I127";
;
PART_NUMBER"10019427"
$LOCATION"U4"
CDS_LOCATION"U4"
$SEC"1"
CDS_SEC"1"
CDS_LIB"u_ic"
CDS_LMAN_SYM_OUTLINE"-200,125,100,-175"
VALUE"LM324D"
JEDEC_TYPE"SO14"
PART_NAME"U_LM324_SERIES_SO14";
"4"
$PN"4"32;
"IN<SIZE-1..0>"
$PN"2"104;
"11"
$PN"11"33;
"IP<SIZE-1..0>"
$PN"3"103;
"OUT<SIZE-1..0>"
$PN"1"105;
%"STD_VCC_BAR"
"1","(12450,2425)","6","standard","I128";
;
VOLTAGE"VCC"
CDS_LIB"standard"
CDS_LMAN_SYM_OUTLINE"-125,125,125,-125"
HDL_POWER"VCC"
BODY_TYPE"PLUMBING";
"$PIN0"32;
%"R_SMT"
"1","(11975,3125)","0","r_resistor","I129";
;
PART_NUMBER"10006514"
TOL"5%"
WATTAGE"1/8W"
$LOCATION"R55"
CDS_LOCATION"R55"
$SEC"1"
CDS_SEC"1"
CDS_LIB"r_resistor"
CDS_LMAN_SYM_OUTLINE"-75,25,75,-25"
VALUE"100K"
NEEDS_NO_SIZE"True"
PART_NAME"R_SMT_0805"
TYPE"TF-SMT0805"
JEDEC_TYPE"RESC-0805_W";
"2"
$PN"2"104;
"1"
$PN"1"
$WATTAGE"?"31;
%"J_5_RT"
"1","(3050,1125)","0","j_connector2fjumper","I13";
;
PART_NUMBER"10017317"
MFR_1"AMP"
MFR_1_PN"640457-5"
MFR_1_SPEC"http://a35as03applge.appl.ge.com/part_data_sheets/amp/amp_640457.pdf"
$LOCATION"J9"
CDS_LOCATION"J9"
$SEC"1"
CDS_SEC"1"
JEDEC_TYPE"CONN-TYCO-5PIN-100MIL-RT"
PART_NAME"J_5_RT_AMP_640457"
VALUE"640457-5"
CDS_LIB"j_connector2fjumper"
CDS_LMAN_SYM_OUTLINE"-75,150,75,-150"
NEEDS_NO_SIZE"TRUE";
"5"
$PN"5"47;
"4"
$PN"4"0;
"3"
$PN"3"0;
"2"
$PN"2"0;
"1"
$PN"1"0;
%"GND_SIGNAL"
"1","(11600,3000)","0","standard","I130";
;
CDS_LIB"standard"
BODY_TYPE"PLUMBING"
HDL_POWER"GND_SIGNAL";
"GND"31;
%"R_SMT"
"1","(12050,2525)","1","r_resistor","I131";
;
PART_NUMBER"10006506"
TOL"5%"
WATTAGE"1/8W"
$LOCATION"R59"
CDS_LOCATION"R59"
$SEC"1"
CDS_SEC"1"
CDS_LIB"r_resistor"
CDS_LMAN_SYM_OUTLINE"-75,25,75,-25"
VALUE"47K"
NEEDS_NO_SIZE"True"
PART_NAME"R_SMT_0805"
TYPE"TF-SMT0805"
JEDEC_TYPE"RESC-0805_W";
"2"
$PN"2"103;
"1"
$PN"1"
$WATTAGE"?"34;
%"D_SMT_SCHOTTKY"
"1","(11775,2525)","1","d_diode","I132";
;
PART_NUMBER"10004915"
$LOCATION"D29"
CDS_LOCATION"D29"
$SEC"1"
CDS_SEC"1"
CDS_LIB"d_diode"
CDS_LMAN_SYM_OUTLINE"-50,50,50,-50"
$ALT_SYMBOLS"?"
VALUE"MBR0530"
NEEDS_NO_SIZE"true"
IF"500MA"
PART_NAME"D_SMT_SCHOTTKY_SOD-123"
TYPE"SCHOTTKY"
VRRM"30V"
JEDEC_TYPE"SOD-123_W";
"A"
$PN"A"
Clock"False"34;
"C"
$PN"C"
Clock"False"103;
%"C_SMT"
"1","(11575,2675)","1","c_capacitor","I133";
;
PART_NUMBER"10000680"
VOLT"16V"
TOL"20%"
$LOCATION"C30"
CDS_LOCATION"C30"
$SEC"1"
CDS_SEC"1"
CDS_LIB"c_capacitor"
CDS_LMAN_SYM_OUTLINE"-50,25,50,-25"
$ALT_SYMBOLS"?"
$TEMP"?"
VALUE"0.1UF"
JEDEC_TYPE"CAPC-0805_W"
TYPE"X7R"
PART_NAME"C_SMT_X7R_0805"
NEEDS_NO_SIZE"true";
"2"
$PN"2"
Clock"False"103;
"1"
$PN"1"
Clock"False"0;
%"D_SMT_SIGNAL"
"1","(12875,1550)","0","d_diode","I134";
;
PART_NUMBER"10004947"
$LOCATION"D32"
CDS_LOCATION"D32"
$SEC"1"
CDS_SEC"1"
CDS_LIB"d_diode"
CDS_LMAN_SYM_OUTLINE"-50,50,50,-50"
$ALT_SYMBOLS"?"
VALUE"MMBD4148"
NEEDS_NO_SIZE"true"
IF"200MA"
PART_NAME"D_SMT_SIGNAL_1A3C_SOT-23"
TYPE"SIGNAL-3PIN"
VRRM"75V"
JEDEC_TYPE"SOT-23_W";
"A"
$PN"1"
Clock"False"101;
"C"
$PN"3"
Clock"False"102;
%"C_SMT"
"1","(13125,1400)","0","c_capacitor","I135";
;
PART_NUMBER"10000680"
VOLT"16V"
TOL"20%"
$LOCATION"C34"
CDS_LOCATION"C34"
$SEC"1"
CDS_SEC"1"
CDS_LIB"c_capacitor"
CDS_LMAN_SYM_OUTLINE"-50,25,50,-25"
$ALT_SYMBOLS"?"
$TEMP"?"
VALUE"0.1UF"
JEDEC_TYPE"CAPC-0805_W"
TYPE"X7R"
PART_NAME"C_SMT_X7R_0805"
NEEDS_NO_SIZE"true";
"2"
$PN"2"
Clock"False"30;
"1"
$PN"1"
Clock"False"102;
%"GND_SIGNAL"
"1","(13075,1050)","0","standard","I136";
;
CDS_LIB"standard"
BODY_TYPE"PLUMBING"
HDL_POWER"GND_SIGNAL";
"GND"30;
%"R_SMT"
"1","(12800,1950)","0","r_resistor","I137";
;
PART_NUMBER"10006514"
TOL"5%"
WATTAGE"1/8W"
$LOCATION"R62"
CDS_LOCATION"R62"
$SEC"1"
CDS_SEC"1"
CDS_LIB"r_resistor"
CDS_LMAN_SYM_OUTLINE"-75,25,75,-25"
VALUE"100K"
JEDEC_TYPE"RESC-0805_W"
TYPE"TF-SMT0805"
PART_NAME"R_SMT_0805"
NEEDS_NO_SIZE"True";
"2"
$PN"2"102;
"1"
$PN"1"
$WATTAGE"?"98;
%"U_LM324_SERIES"
"2","(12525,1550)","6","u_ic","I138";
;
PART_NUMBER"10019427"
$LOCATION"U4"
CDS_LOCATION"U4"
$SEC"3"
CDS_SEC"3"
CDS_LIB"u_ic"
CDS_LMAN_SYM_OUTLINE"-200,125,100,-175"
VALUE"LM324D"
PART_NAME"U_LM324_SERIES_SO14"
JEDEC_TYPE"SO14";
"OUT<SIZE-1..0>"
$PN"8"101;
"IP<SIZE-1..0>"
$PN"10"96;
"IN<SIZE-1..0>"
$PN"9"98;
%"D_SMT_SIGNAL"
"1","(12850,500)","0","d_diode","I139";
;
PART_NUMBER"10004947"
$LOCATION"D31"
CDS_LOCATION"D31"
$SEC"1"
CDS_SEC"1"
CDS_LIB"d_diode"
CDS_LMAN_SYM_OUTLINE"-50,50,50,-50"
$ALT_SYMBOLS"?"
VALUE"MMBD4148"
NEEDS_NO_SIZE"true"
IF"200MA"
PART_NAME"D_SMT_SIGNAL_1A3C_SOT-23"
TYPE"SIGNAL-3PIN"
VRRM"75V"
JEDEC_TYPE"SOT-23_W";
"A"
$PN"1"
Clock"False"99;
"C"
$PN"3"
Clock"False"100;
%"J_5_RT"
"1","(3025,700)","0","j_connector2fjumper","I14";
;
PART_NUMBER"10017317"
MFR_1_SPEC"http://a35as03applge.appl.ge.com/part_data_sheets/amp/amp_640457.pdf"
MFR_1_PN"640457-5"
MFR_1"AMP"
$LOCATION"J6"
CDS_LOCATION"J6"
$SEC"1"
CDS_SEC"1"
JEDEC_TYPE"CONN-TYCO-5PIN-100MIL-RT"
PART_NAME"J_5_RT_AMP_640457"
VALUE"640457-5"
CDS_LIB"j_connector2fjumper"
CDS_LMAN_SYM_OUTLINE"-75,150,75,-150"
NEEDS_NO_SIZE"TRUE";
"5"
$PN"5"47;
"4"
$PN"4"0;
"3"
$PN"3"0;
"2"
$PN"2"0;
"1"
$PN"1"0;
%"C_SMT"
"1","(13100,350)","0","c_capacitor","I140";
;
PART_NUMBER"10000680"
VOLT"16V"
TOL"20%"
$LOCATION"C33"
CDS_LOCATION"C33"
$SEC"1"
CDS_SEC"1"
CDS_LIB"c_capacitor"
CDS_LMAN_SYM_OUTLINE"-50,25,50,-25"
$ALT_SYMBOLS"?"
$TEMP"?"
VALUE"0.1UF"
JEDEC_TYPE"CAPC-0805_W"
TYPE"X7R"
PART_NAME"C_SMT_X7R_0805"
NEEDS_NO_SIZE"true";
"2"
$PN"2"
Clock"False"29;
"1"
$PN"1"
Clock"False"100;
%"GND_SIGNAL"
"1","(13050,0)","0","standard","I141";
;
CDS_LIB"standard"
BODY_TYPE"PLUMBING"
HDL_POWER"GND_SIGNAL";
"GND"29;
%"R_SMT"
"1","(12775,900)","0","r_resistor","I142";
;
PART_NUMBER"10006514"
TOL"5%"
WATTAGE"1/8W"
$LOCATION"R61"
CDS_LOCATION"R61"
$SEC"1"
CDS_SEC"1"
CDS_LIB"r_resistor"
CDS_LMAN_SYM_OUTLINE"-75,25,75,-25"
VALUE"100K"
JEDEC_TYPE"RESC-0805_W"
TYPE"TF-SMT0805"
PART_NAME"R_SMT_0805"
NEEDS_NO_SIZE"True";
"2"
$PN"2"100;
"1"
$PN"1"
$WATTAGE"?"97;
%"U_LM324_SERIES"
"2","(12500,500)","6","u_ic","I143";
;
PART_NUMBER"10019427"
$LOCATION"U4"
CDS_LOCATION"U4"
$SEC"2"
CDS_SEC"2"
CDS_LIB"u_ic"
CDS_LMAN_SYM_OUTLINE"-200,125,100,-175"
VALUE"LM324D"
PART_NAME"U_LM324_SERIES_SO14"
JEDEC_TYPE"SO14";
"OUT<SIZE-1..0>"
$PN"7"99;
"IP<SIZE-1..0>"
$PN"5"95;
"IN<SIZE-1..0>"
$PN"6"97;
%"R_SMT"
"1","(11950,1950)","0","r_resistor","I144";
;
PART_NUMBER"10006514"
TOL"5%"
WATTAGE"1/8W"
$LOCATION"R54"
CDS_LOCATION"R54"
$SEC"1"
CDS_SEC"1"
CDS_LIB"r_resistor"
CDS_LMAN_SYM_OUTLINE"-75,25,75,-25"
VALUE"100K"
NEEDS_NO_SIZE"True"
PART_NAME"R_SMT_0805"
TYPE"TF-SMT0805"
JEDEC_TYPE"RESC-0805_W";
"2"
$PN"2"98;
"1"
$PN"1"
$WATTAGE"?"28;
%"R_SMT"
"1","(12025,1350)","1","r_resistor","I145";
;
PART_NUMBER"10006506"
TOL"5%"
WATTAGE"1/8W"
$LOCATION"R57"
CDS_LOCATION"R57"
$SEC"1"
CDS_SEC"1"
CDS_LIB"r_resistor"
CDS_LMAN_SYM_OUTLINE"-75,25,75,-25"
VALUE"47K"
NEEDS_NO_SIZE"True"
PART_NAME"R_SMT_0805"
TYPE"TF-SMT0805"
JEDEC_TYPE"RESC-0805_W";
"2"
$PN"2"96;
"1"
$PN"1"
$WATTAGE"?"30;
%"D_SMT_SCHOTTKY"
"1","(11750,1350)","1","d_diode","I146";
;
PART_NUMBER"10004915"
$LOCATION"D28"
CDS_LOCATION"D28"
$SEC"1"
CDS_SEC"1"
CDS_LIB"d_diode"
CDS_LMAN_SYM_OUTLINE"-50,50,50,-50"
$ALT_SYMBOLS"?"
VALUE"MBR0530"
NEEDS_NO_SIZE"true"
IF"500MA"
PART_NAME"D_SMT_SCHOTTKY_SOD-123"
TYPE"SCHOTTKY"
VRRM"30V"
JEDEC_TYPE"SOD-123_W";
"A"
$PN"A"
Clock"False"30;
"C"
$PN"C"
Clock"False"96;
%"GND_SIGNAL"
"1","(11575,1825)","0","standard","I147";
;
CDS_LIB"standard"
BODY_TYPE"PLUMBING"
HDL_POWER"GND_SIGNAL";
"GND"28;
%"C_SMT"
"1","(11550,1500)","1","c_capacitor","I148";
;
PART_NUMBER"10000680"
VOLT"16V"
TOL"20%"
$LOCATION"C29"
CDS_LOCATION"C29"
$SEC"1"
CDS_SEC"1"
CDS_LIB"c_capacitor"
CDS_LMAN_SYM_OUTLINE"-50,25,50,-25"
$ALT_SYMBOLS"?"
$TEMP"?"
VALUE"0.1UF"
JEDEC_TYPE"CAPC-0805_W"
TYPE"X7R"
PART_NAME"C_SMT_X7R_0805"
NEEDS_NO_SIZE"true";
"2"
$PN"2"
Clock"False"96;
"1"
$PN"1"
Clock"False"0;
%"R_SMT"
"1","(11925,900)","0","r_resistor","I149";
;
PART_NUMBER"10006514"
TOL"5%"
WATTAGE"1/8W"
$LOCATION"R53"
CDS_LOCATION"R53"
$SEC"1"
CDS_SEC"1"
CDS_LIB"r_resistor"
CDS_LMAN_SYM_OUTLINE"-75,25,75,-25"
VALUE"100K"
NEEDS_NO_SIZE"True"
PART_NAME"R_SMT_0805"
TYPE"TF-SMT0805"
JEDEC_TYPE"RESC-0805_W";
"2"
$PN"2"97;
"1"
$PN"1"
$WATTAGE"?"27;
%"J_5_RT"
"1","(3025,250)","0","j_connector2fjumper","I15";
;
PART_NUMBER"10017317"
MFR_1"AMP"
MFR_1_PN"640457-5"
MFR_1_SPEC"http://a35as03applge.appl.ge.com/part_data_sheets/amp/amp_640457.pdf"
$LOCATION"J7"
CDS_LOCATION"J7"
$SEC"1"
CDS_SEC"1"
JEDEC_TYPE"CONN-TYCO-5PIN-100MIL-RT"
PART_NAME"J_5_RT_AMP_640457"
VALUE"640457-5"
CDS_LIB"j_connector2fjumper"
CDS_LMAN_SYM_OUTLINE"-75,150,75,-150"
NEEDS_NO_SIZE"TRUE";
"5"
$PN"5"47;
"4"
$PN"4"0;
"3"
$PN"3"0;
"2"
$PN"2"0;
"1"
$PN"1"0;
%"R_SMT"
"1","(12000,300)","1","r_resistor","I150";
;
PART_NUMBER"10006506"
TOL"5%"
WATTAGE"1/8W"
$LOCATION"R56"
CDS_LOCATION"R56"
$SEC"1"
CDS_SEC"1"
CDS_LIB"r_resistor"
CDS_LMAN_SYM_OUTLINE"-75,25,75,-25"
VALUE"47K"
NEEDS_NO_SIZE"True"
PART_NAME"R_SMT_0805"
TYPE"TF-SMT0805"
JEDEC_TYPE"RESC-0805_W";
"2"
$PN"2"95;
"1"
$PN"1"
$WATTAGE"?"29;
%"D_SMT_SCHOTTKY"
"1","(11725,300)","1","d_diode","I151";
;
PART_NUMBER"10004915"
$LOCATION"D27"
CDS_LOCATION"D27"
$SEC"1"
CDS_SEC"1"
CDS_LIB"d_diode"
CDS_LMAN_SYM_OUTLINE"-50,50,50,-50"
$ALT_SYMBOLS"?"
VALUE"MBR0530"
NEEDS_NO_SIZE"true"
IF"500MA"
PART_NAME"D_SMT_SCHOTTKY_SOD-123"
TYPE"SCHOTTKY"
VRRM"30V"
JEDEC_TYPE"SOD-123_W";
"A"
$PN"A"
Clock"False"29;
"C"
$PN"C"
Clock"False"95;
%"GND_SIGNAL"
"1","(11550,775)","0","standard","I152";
;
CDS_LIB"standard"
BODY_TYPE"PLUMBING"
HDL_POWER"GND_SIGNAL";
"GND"27;
%"C_SMT"
"1","(11525,450)","1","c_capacitor","I153";
;
PART_NUMBER"10000680"
VOLT"16V"
TOL"20%"
$LOCATION"C28"
CDS_LOCATION"C28"
$SEC"1"
CDS_SEC"1"
CDS_LIB"c_capacitor"
CDS_LMAN_SYM_OUTLINE"-50,25,50,-25"
$ALT_SYMBOLS"?"
$TEMP"?"
VALUE"0.1UF"
JEDEC_TYPE"CAPC-0805_W"
TYPE"X7R"
PART_NAME"C_SMT_X7R_0805"
NEEDS_NO_SIZE"true";
"2"
$PN"2"
Clock"False"95;
"1"
$PN"1"
Clock"False"0;
%"R_SMT"
"1","(10900,2575)","1","r_resistor","I154";
;
PART_NUMBER"10006466"
TOL"5%"
WATTAGE"1/8W"
$LOCATION"R49"
CDS_LOCATION"R49"
$SEC"1"
CDS_SEC"1"
CDS_LIB"r_resistor"
CDS_LMAN_SYM_OUTLINE"-75,25,75,-25"
VALUE"1.0K"
NEEDS_NO_SIZE"True"
PART_NAME"R_SMT_0805"
TYPE"TF-SMT0805"
JEDEC_TYPE"RESC-0805_W";
"2"
$PN"2"94;
"1"
$PN"1"
$WATTAGE"?"26;
%"C_SMT"
"1","(10450,2900)","0","c_capacitor","I155";
;
PART_NUMBER"10000680"
VOLT"16V"
TOL"20%"
$LOCATION"C23"
CDS_LOCATION"C23"
$SEC"1"
CDS_SEC"1"
CDS_LIB"c_capacitor"
CDS_LMAN_SYM_OUTLINE"-50,25,50,-25"
$ALT_SYMBOLS"?"
$TEMP"?"
VALUE"0.1UF"
JEDEC_TYPE"CAPC-0805_W"
TYPE"X7R"
PART_NAME"C_SMT_X7R_0805"
NEEDS_NO_SIZE"true";
"2"
$PN"2"
Clock"False"24;
"1"
$PN"1"
Clock"False"25;
%"D_SMT_SIGNAL"
"1","(10300,2725)","0","d_diode","I156";
;
PART_NUMBER"10004947"
$LOCATION"D23"
CDS_LOCATION"D23"
$SEC"1"
CDS_SEC"1"
CDS_LIB"d_diode"
CDS_LMAN_SYM_OUTLINE"-50,50,50,-50"
$ALT_SYMBOLS"?"
VALUE"MMBD4148"
NEEDS_NO_SIZE"true"
IF"200MA"
PART_NAME"D_SMT_SIGNAL_1A3C_SOT-23"
TYPE"SIGNAL-3PIN"
VRRM"75V"
JEDEC_TYPE"SOT-23_W";
"A"
$PN"1"
Clock"False"93;
"C"
$PN"3"
Clock"False"94;
%"C_SMT"
"1","(10550,2575)","0","c_capacitor","I157";
;
PART_NUMBER"10000680"
VOLT"16V"
TOL"20%"
$LOCATION"C24"
CDS_LOCATION"C24"
$SEC"1"
CDS_SEC"1"
CDS_LIB"c_capacitor"
CDS_LMAN_SYM_OUTLINE"-50,25,50,-25"
$ALT_SYMBOLS"?"
$TEMP"?"
VALUE"0.1UF"
JEDEC_TYPE"CAPC-0805_W"
TYPE"X7R"
PART_NAME"C_SMT_X7R_0805"
NEEDS_NO_SIZE"true";
"2"
$PN"2"
Clock"False"26;
"1"
$PN"1"
Clock"False"94;
%"GND_SIGNAL"
"1","(10500,2225)","0","standard","I158";
;
CDS_LIB"standard"
BODY_TYPE"PLUMBING"
HDL_POWER"GND_SIGNAL";
"GND"26;
%"R_SMT"
"1","(10250,2025)","0","r_resistor","I159";
;
PART_NUMBER"10006514"
TOL"5%"
WATTAGE"1/8W"
$LOCATION"R47"
CDS_LOCATION"R47"
$SEC"1"
CDS_SEC"1"
CDS_LIB"r_resistor"
CDS_LMAN_SYM_OUTLINE"-75,25,75,-25"
VALUE"100K"
JEDEC_TYPE"RESC-0805_W"
TYPE"TF-SMT0805"
PART_NAME"R_SMT_0805"
NEEDS_NO_SIZE"True";
"2"
$PN"2"90;
"1"
$PN"1"
$WATTAGE"?"91;
%"J_5_RT"
"1","(3025,-175)","0","j_connector2fjumper","I16";
;
PART_NUMBER"10017317"
MFR_1"AMP"
MFR_1_PN"640457-5"
MFR_1_SPEC"http://a35as03applge.appl.ge.com/part_data_sheets/amp/amp_640457.pdf"
$LOCATION"J8"
CDS_LOCATION"J8"
$SEC"1"
CDS_SEC"1"
JEDEC_TYPE"CONN-TYCO-5PIN-100MIL-RT"
PART_NAME"J_5_RT_AMP_640457"
VALUE"640457-5"
CDS_LIB"j_connector2fjumper"
CDS_LMAN_SYM_OUTLINE"-75,150,75,-150"
NEEDS_NO_SIZE"TRUE";
"5"
$PN"5"47;
"4"
$PN"4"0;
"3"
$PN"3"0;
"2"
$PN"2"0;
"1"
$PN"1"0;
%"R_SMT"
"1","(10225,3125)","0","r_resistor","I160";
;
PART_NUMBER"10006514"
TOL"5%"
WATTAGE"1/8W"
$LOCATION"R45"
CDS_LOCATION"R45"
$SEC"1"
CDS_SEC"1"
CDS_LIB"r_resistor"
CDS_LMAN_SYM_OUTLINE"-75,25,75,-25"
VALUE"100K"
JEDEC_TYPE"RESC-0805_W"
TYPE"TF-SMT0805"
PART_NAME"R_SMT_0805"
NEEDS_NO_SIZE"True";
"2"
$PN"2"94;
"1"
$PN"1"
$WATTAGE"?"92;
%"R_SMT"
"1","(9375,3125)","0","r_resistor","I161";
;
PART_NUMBER"10006514"
TOL"5%"
WATTAGE"1/8W"
$LOCATION"R37"
CDS_LOCATION"R37"
$SEC"1"
CDS_SEC"1"
CDS_LIB"r_resistor"
CDS_LMAN_SYM_OUTLINE"-75,25,75,-25"
VALUE"100K"
NEEDS_NO_SIZE"True"
PART_NAME"R_SMT_0805"
TYPE"TF-SMT0805"
JEDEC_TYPE"RESC-0805_W";
"2"
$PN"2"92;
"1"
$PN"1"
$WATTAGE"?"40;
%"GND_SIGNAL"
"1","(10050,2900)","0","standard","I162";
;
CDS_LIB"standard"
BODY_TYPE"PLUMBING"
HDL_POWER"GND_SIGNAL";
"GND"25;
%"U_LM324_SERIES"
"1","(9950,2725)","6","u_ic","I163";
;
PART_NUMBER"10019427"
$LOCATION"U3"
CDS_LOCATION"U3"
$SEC"1"
CDS_SEC"1"
CDS_LIB"u_ic"
CDS_LMAN_SYM_OUTLINE"-200,125,100,-175"
VALUE"LM324D"
JEDEC_TYPE"SO14"
PART_NAME"U_LM324_SERIES_SO14";
"4"
$PN"4"24;
"IN<SIZE-1..0>"
$PN"2"92;
"11"
$PN"11"25;
"IP<SIZE-1..0>"
$PN"3"44;
"OUT<SIZE-1..0>"
$PN"1"93;
%"STD_VCC_BAR"
"1","(9850,2450)","6","standard","I164";
;
VOLTAGE"VCC"
CDS_LIB"standard"
CDS_LMAN_SYM_OUTLINE"-125,125,125,-125"
HDL_POWER"VCC"
BODY_TYPE"PLUMBING";
"$PIN0"24;
%"R_SMT"
"1","(9450,2525)","1","r_resistor","I165";
;
PART_NUMBER"10006506"
TOL"5%"
WATTAGE"1/8W"
$LOCATION"R40"
CDS_LOCATION"R40"
$SEC"1"
CDS_SEC"1"
CDS_LIB"r_resistor"
CDS_LMAN_SYM_OUTLINE"-75,25,75,-25"
VALUE"47K"
NEEDS_NO_SIZE"True"
PART_NAME"R_SMT_0805"
TYPE"TF-SMT0805"
JEDEC_TYPE"RESC-0805_W";
"2"
$PN"2"44;
"1"
$PN"1"
$WATTAGE"?"26;
%"R_SMT"
"1","(9400,2025)","0","r_resistor","I166";
;
PART_NUMBER"10006514"
TOL"5%"
WATTAGE"1/8W"
$LOCATION"R39"
CDS_LOCATION"R39"
$SEC"1"
CDS_SEC"1"
CDS_LIB"r_resistor"
CDS_LMAN_SYM_OUTLINE"-75,25,75,-25"
VALUE"100K"
NEEDS_NO_SIZE"True"
PART_NAME"R_SMT_0805"
TYPE"TF-SMT0805"
JEDEC_TYPE"RESC-0805_W";
"2"
$PN"2"91;
"1"
$PN"1"
$WATTAGE"?"21;
%"D_SMT_SCHOTTKY"
"1","(9175,2525)","1","d_diode","I167";
;
PART_NUMBER"10004915"
$LOCATION"D19"
CDS_LOCATION"D19"
$SEC"1"
CDS_SEC"1"
CDS_LIB"d_diode"
CDS_LMAN_SYM_OUTLINE"-50,50,50,-50"
$ALT_SYMBOLS"?"
VALUE"MBR0530"
NEEDS_NO_SIZE"true"
IF"500MA"
PART_NAME"D_SMT_SCHOTTKY_SOD-123"
TYPE"SCHOTTKY"
VRRM"30V"
JEDEC_TYPE"SOD-123_W";
"A"
$PN"A"
Clock"False"26;
"C"
$PN"C"
Clock"False"44;
%"R_SMT"
"1","(10925,1475)","1","r_resistor","I168";
;
PART_NUMBER"10006466"
TOL"5%"
WATTAGE"1/8W"
$LOCATION"R51"
CDS_LOCATION"R51"
$SEC"1"
CDS_SEC"1"
CDS_LIB"r_resistor"
CDS_LMAN_SYM_OUTLINE"-75,25,75,-25"
VALUE"1.0K"
NEEDS_NO_SIZE"True"
PART_NAME"R_SMT_0805"
TYPE"TF-SMT0805"
JEDEC_TYPE"RESC-0805_W";
"2"
$PN"2"90;
"1"
$PN"1"
$WATTAGE"?"23;
%"D_SMT_SIGNAL"
"1","(10325,1625)","0","d_diode","I169";
;
PART_NUMBER"10004947"
$LOCATION"D25"
CDS_LOCATION"D25"
$SEC"1"
CDS_SEC"1"
CDS_LIB"d_diode"
CDS_LMAN_SYM_OUTLINE"-50,50,50,-50"
$ALT_SYMBOLS"?"
VALUE"MMBD4148"
NEEDS_NO_SIZE"true"
IF"200MA"
PART_NAME"D_SMT_SIGNAL_1A3C_SOT-23"
TYPE"SIGNAL-3PIN"
VRRM"75V"
JEDEC_TYPE"SOT-23_W";
"A"
$PN"1"
Clock"False"89;
"C"
$PN"3"
Clock"False"90;
%"U_LM324_SERIES"
"1","(4925,2800)","6","u_ic","I17";
;
PART_NUMBER"10019427"
$LOCATION"U1"
CDS_LOCATION"U1"
$SEC"1"
CDS_SEC"1"
JEDEC_TYPE"SO14"
PART_NAME"U_LM324_SERIES_SO14"
CDS_LIB"u_ic"
CDS_LMAN_SYM_OUTLINE"-200,125,100,-175"
VALUE"LM324D";
"4"
$PN"4"4;
"IN<SIZE-1..0>"
$PN"2"62;
"11"
$PN"11"13;
"IP<SIZE-1..0>"
$PN"3"63;
"OUT<SIZE-1..0>"
$PN"1"61;
%"C_SMT"
"1","(10575,1475)","0","c_capacitor","I170";
;
PART_NUMBER"10000680"
VOLT"16V"
TOL"20%"
$LOCATION"C26"
CDS_LOCATION"C26"
$SEC"1"
CDS_SEC"1"
CDS_LIB"c_capacitor"
CDS_LMAN_SYM_OUTLINE"-50,25,50,-25"
$ALT_SYMBOLS"?"
$TEMP"?"
VALUE"0.1UF"
JEDEC_TYPE"CAPC-0805_W"
TYPE"X7R"
PART_NAME"C_SMT_X7R_0805"
NEEDS_NO_SIZE"true";
"2"
$PN"2"
Clock"False"23;
"1"
$PN"1"
Clock"False"90;
%"GND_SIGNAL"
"1","(10525,1125)","0","standard","I171";
;
CDS_LIB"standard"
BODY_TYPE"PLUMBING"
HDL_POWER"GND_SIGNAL";
"GND"23;
%"R_SMT"
"1","(10900,425)","1","r_resistor","I172";
;
PART_NUMBER"10006466"
TOL"5%"
WATTAGE"1/8W"
$LOCATION"R50"
CDS_LOCATION"R50"
$SEC"1"
CDS_SEC"1"
CDS_LIB"r_resistor"
CDS_LMAN_SYM_OUTLINE"-75,25,75,-25"
VALUE"1.0K"
NEEDS_NO_SIZE"True"
PART_NAME"R_SMT_0805"
TYPE"TF-SMT0805"
JEDEC_TYPE"RESC-0805_W";
"2"
$PN"2"88;
"1"
$PN"1"
$WATTAGE"?"22;
%"D_SMT_SIGNAL"
"1","(10300,575)","0","d_diode","I173";
;
PART_NUMBER"10004947"
$LOCATION"D24"
CDS_LOCATION"D24"
$SEC"1"
CDS_SEC"1"
CDS_LIB"d_diode"
CDS_LMAN_SYM_OUTLINE"-50,50,50,-50"
$ALT_SYMBOLS"?"
VALUE"MMBD4148"
NEEDS_NO_SIZE"true"
IF"200MA"
PART_NAME"D_SMT_SIGNAL_1A3C_SOT-23"
TYPE"SIGNAL-3PIN"
VRRM"75V"
JEDEC_TYPE"SOT-23_W";
"A"
$PN"1"
Clock"False"87;
"C"
$PN"3"
Clock"False"88;
%"C_SMT"
"1","(10550,425)","0","c_capacitor","I174";
;
PART_NUMBER"10000680"
VOLT"16V"
TOL"20%"
$LOCATION"C25"
CDS_LOCATION"C25"
$SEC"1"
CDS_SEC"1"
CDS_LIB"c_capacitor"
CDS_LMAN_SYM_OUTLINE"-50,25,50,-25"
$ALT_SYMBOLS"?"
$TEMP"?"
VALUE"0.1UF"
JEDEC_TYPE"CAPC-0805_W"
TYPE"X7R"
PART_NAME"C_SMT_X7R_0805"
NEEDS_NO_SIZE"true";
"2"
$PN"2"
Clock"False"22;
"1"
$PN"1"
Clock"False"88;
%"GND_SIGNAL"
"1","(10500,75)","0","standard","I175";
;
CDS_LIB"standard"
BODY_TYPE"PLUMBING"
HDL_POWER"GND_SIGNAL";
"GND"22;
%"U_LM324_SERIES"
"2","(9975,1625)","6","u_ic","I176";
;
PART_NUMBER"10019427"
$LOCATION"U3"
CDS_LOCATION"U3"
$SEC"3"
CDS_SEC"3"
CDS_LIB"u_ic"
CDS_LMAN_SYM_OUTLINE"-200,125,100,-175"
VALUE"LM324D"
PART_NAME"U_LM324_SERIES_SO14"
JEDEC_TYPE"SO14";
"OUT<SIZE-1..0>"
$PN"8"89;
"IP<SIZE-1..0>"
$PN"10"41;
"IN<SIZE-1..0>"
$PN"9"91;
%"R_SMT"
"1","(10225,975)","0","r_resistor","I177";
;
PART_NUMBER"10006514"
TOL"5%"
WATTAGE"1/8W"
$LOCATION"R46"
CDS_LOCATION"R46"
$SEC"1"
CDS_SEC"1"
CDS_LIB"r_resistor"
CDS_LMAN_SYM_OUTLINE"-75,25,75,-25"
VALUE"100K"
JEDEC_TYPE"RESC-0805_W"
TYPE"TF-SMT0805"
PART_NAME"R_SMT_0805"
NEEDS_NO_SIZE"True";
"2"
$PN"2"88;
"1"
$PN"1"
$WATTAGE"?"86;
%"R_SMT"
"1","(9475,1425)","1","r_resistor","I178";
;
PART_NUMBER"10006506"
TOL"5%"
WATTAGE"1/8W"
$LOCATION"R42"
CDS_LOCATION"R42"
$SEC"1"
CDS_SEC"1"
CDS_LIB"r_resistor"
CDS_LMAN_SYM_OUTLINE"-75,25,75,-25"
VALUE"47K"
NEEDS_NO_SIZE"True"
PART_NAME"R_SMT_0805"
TYPE"TF-SMT0805"
JEDEC_TYPE"RESC-0805_W";
"2"
$PN"2"41;
"1"
$PN"1"
$WATTAGE"?"23;
%"D_SMT_SCHOTTKY"
"1","(9200,1425)","1","d_diode","I179";
;
PART_NUMBER"10004915"
$LOCATION"D21"
CDS_LOCATION"D21"
$SEC"1"
CDS_SEC"1"
CDS_LIB"d_diode"
CDS_LMAN_SYM_OUTLINE"-50,50,50,-50"
$ALT_SYMBOLS"?"
VALUE"MBR0530"
NEEDS_NO_SIZE"true"
IF"500MA"
PART_NAME"D_SMT_SCHOTTKY_SOD-123"
TYPE"SCHOTTKY"
VRRM"30V"
JEDEC_TYPE"SOD-123_W";
"A"
$PN"A"
Clock"False"23;
"C"
$PN"C"
Clock"False"41;
%"R_SMT"
"1","(9375,975)","0","r_resistor","I180";
;
PART_NUMBER"10006514"
TOL"5%"
WATTAGE"1/8W"
$LOCATION"R38"
CDS_LOCATION"R38"
$SEC"1"
CDS_SEC"1"
CDS_LIB"r_resistor"
CDS_LMAN_SYM_OUTLINE"-75,25,75,-25"
VALUE"100K"
NEEDS_NO_SIZE"True"
PART_NAME"R_SMT_0805"
TYPE"TF-SMT0805"
JEDEC_TYPE"RESC-0805_W";
"2"
$PN"2"86;
"1"
$PN"1"
$WATTAGE"?"20;
%"U_LM324_SERIES"
"2","(9950,575)","6","u_ic","I181";
;
PART_NUMBER"10019427"
$LOCATION"U3"
CDS_LOCATION"U3"
$SEC"2"
CDS_SEC"2"
CDS_LIB"u_ic"
CDS_LMAN_SYM_OUTLINE"-200,125,100,-175"
VALUE"LM324D"
PART_NAME"U_LM324_SERIES_SO14"
JEDEC_TYPE"SO14";
"OUT<SIZE-1..0>"
$PN"7"87;
"IP<SIZE-1..0>"
$PN"5"85;
"IN<SIZE-1..0>"
$PN"6"86;
%"R_SMT"
"1","(9450,375)","1","r_resistor","I182";
;
PART_NUMBER"10006506"
TOL"5%"
WATTAGE"1/8W"
$LOCATION"R41"
CDS_LOCATION"R41"
$SEC"1"
CDS_SEC"1"
CDS_LIB"r_resistor"
CDS_LMAN_SYM_OUTLINE"-75,25,75,-25"
VALUE"47K"
NEEDS_NO_SIZE"True"
PART_NAME"R_SMT_0805"
TYPE"TF-SMT0805"
JEDEC_TYPE"RESC-0805_W";
"2"
$PN"2"85;
"1"
$PN"1"
$WATTAGE"?"22;
%"D_SMT_SCHOTTKY"
"1","(9175,375)","1","d_diode","I183";
;
PART_NUMBER"10004915"
$LOCATION"D20"
CDS_LOCATION"D20"
$SEC"1"
CDS_SEC"1"
CDS_LIB"d_diode"
CDS_LMAN_SYM_OUTLINE"-50,50,50,-50"
$ALT_SYMBOLS"?"
VALUE"MBR0530"
NEEDS_NO_SIZE"true"
IF"500MA"
PART_NAME"D_SMT_SCHOTTKY_SOD-123"
TYPE"SCHOTTKY"
VRRM"30V"
JEDEC_TYPE"SOD-123_W";
"A"
$PN"A"
Clock"False"22;
"C"
$PN"C"
Clock"False"85;
%"GND_SIGNAL"
"1","(9000,3000)","0","standard","I184";
;
CDS_LIB"standard"
BODY_TYPE"PLUMBING"
HDL_POWER"GND_SIGNAL";
"GND"40;
%"C_SMT"
"1","(8975,2675)","1","c_capacitor","I185";
;
PART_NUMBER"10000680"
VOLT"16V"
TOL"20%"
$LOCATION"C19"
CDS_LOCATION"C19"
$SEC"1"
CDS_SEC"1"
CDS_LIB"c_capacitor"
CDS_LMAN_SYM_OUTLINE"-50,25,50,-25"
$ALT_SYMBOLS"?"
$TEMP"?"
VALUE"0.1UF"
JEDEC_TYPE"CAPC-0805_W"
TYPE"X7R"
PART_NAME"C_SMT_X7R_0805"
NEEDS_NO_SIZE"true";
"2"
$PN"2"
Clock"False"44;
"1"
$PN"1"
Clock"False"0;
%"GND_SIGNAL"
"1","(9025,1900)","0","standard","I186";
;
CDS_LIB"standard"
BODY_TYPE"PLUMBING"
HDL_POWER"GND_SIGNAL";
"GND"21;
%"C_SMT"
"1","(9000,1575)","1","c_capacitor","I187";
;
PART_NUMBER"10000680"
VOLT"16V"
TOL"20%"
$LOCATION"C21"
CDS_LOCATION"C21"
$SEC"1"
CDS_SEC"1"
CDS_LIB"c_capacitor"
CDS_LMAN_SYM_OUTLINE"-50,25,50,-25"
$ALT_SYMBOLS"?"
$TEMP"?"
VALUE"0.1UF"
JEDEC_TYPE"CAPC-0805_W"
TYPE"X7R"
PART_NAME"C_SMT_X7R_0805"
NEEDS_NO_SIZE"true";
"2"
$PN"2"
Clock"False"41;
"1"
$PN"1"
Clock"False"0;
%"GND_SIGNAL"
"1","(9000,850)","0","standard","I188";
;
CDS_LIB"standard"
BODY_TYPE"PLUMBING"
HDL_POWER"GND_SIGNAL";
"GND"20;
%"C_SMT"
"1","(8975,525)","1","c_capacitor","I189";
;
PART_NUMBER"10000680"
VOLT"16V"
TOL"20%"
$LOCATION"C20"
CDS_LOCATION"C20"
$SEC"1"
CDS_SEC"1"
CDS_LIB"c_capacitor"
CDS_LMAN_SYM_OUTLINE"-50,25,50,-25"
$ALT_SYMBOLS"?"
$TEMP"?"
VALUE"0.1UF"
JEDEC_TYPE"CAPC-0805_W"
TYPE"X7R"
PART_NAME"C_SMT_X7R_0805"
NEEDS_NO_SIZE"true";
"2"
$PN"2"
Clock"False"85;
"1"
$PN"1"
Clock"False"0;
%"R_SMT"
"1","(4425,2600)","1","r_resistor","I19";
;
PART_NUMBER"10006506"
TOL"5%"
WATTAGE"1/8W"
$LOCATION"R6"
CDS_LOCATION"R6"
$SEC"1"
CDS_SEC"1"
NEEDS_NO_SIZE"True"
CDS_LMAN_SYM_OUTLINE"-75,25,75,-25"
CDS_LIB"r_resistor"
VALUE"47K"
PART_NAME"R_SMT_0805"
TYPE"TF-SMT0805"
JEDEC_TYPE"RESC-0805_W";
"2"
$PN"2"63;
"1"
$PN"1"
$WATTAGE"?"15;
%"R_SMT"
"1","(13550,-775)","1","r_resistor","I190";
;
PART_NUMBER"10006466"
TOL"5%"
WATTAGE"1/8W"
$LOCATION"R68"
CDS_LOCATION"R68"
$SEC"1"
CDS_SEC"1"
CDS_LIB"r_resistor"
CDS_LMAN_SYM_OUTLINE"-75,25,75,-25"
VALUE"1.0K"
NEEDS_NO_SIZE"True"
PART_NAME"R_SMT_0805"
TYPE"TF-SMT0805"
JEDEC_TYPE"RESC-0805_W";
"2"
$PN"2"84;
"1"
$PN"1"
$WATTAGE"?"19;
%"R_SMT"
"1","(12875,-225)","0","r_resistor","I191";
;
PART_NUMBER"10006514"
TOL"5%"
WATTAGE"1/8W"
$LOCATION"R64"
CDS_LOCATION"R64"
$SEC"1"
CDS_SEC"1"
CDS_LIB"r_resistor"
CDS_LMAN_SYM_OUTLINE"-75,25,75,-25"
VALUE"100K"
JEDEC_TYPE"RESC-0805_W"
TYPE"TF-SMT0805"
PART_NAME"R_SMT_0805"
NEEDS_NO_SIZE"True";
"2"
$PN"2"84;
"1"
$PN"1"
$WATTAGE"?"82;
%"C_SMT"
"1","(13200,-775)","0","c_capacitor","I192";
;
PART_NUMBER"10000680"
VOLT"16V"
TOL"20%"
$LOCATION"C36"
CDS_LOCATION"C36"
$SEC"1"
CDS_SEC"1"
CDS_LIB"c_capacitor"
CDS_LMAN_SYM_OUTLINE"-50,25,50,-25"
$ALT_SYMBOLS"?"
$TEMP"?"
VALUE"0.1UF"
JEDEC_TYPE"CAPC-0805_W"
TYPE"X7R"
PART_NAME"C_SMT_X7R_0805"
NEEDS_NO_SIZE"true";
"2"
$PN"2"
Clock"False"19;
"1"
$PN"1"
Clock"False"84;
%"D_SMT_SIGNAL"
"1","(12950,-625)","0","d_diode","I193";
;
PART_NUMBER"10004947"
$LOCATION"D34"
CDS_LOCATION"D34"
$SEC"1"
CDS_SEC"1"
CDS_LIB"d_diode"
CDS_LMAN_SYM_OUTLINE"-50,50,50,-50"
$ALT_SYMBOLS"?"
VALUE"MMBD4148"
NEEDS_NO_SIZE"true"
IF"200MA"
PART_NAME"D_SMT_SIGNAL_1A3C_SOT-23"
TYPE"SIGNAL-3PIN"
VRRM"75V"
JEDEC_TYPE"SOT-23_W";
"A"
$PN"1"
Clock"False"83;
"C"
$PN"3"
Clock"False"84;
%"U_LM324_SERIES"
"2","(12600,-625)","6","u_ic","I194";
;
PART_NUMBER"10019427"
$LOCATION"U4"
CDS_LOCATION"U4"
$SEC"4"
CDS_SEC"4"
CDS_LIB"u_ic"
CDS_LMAN_SYM_OUTLINE"-200,125,100,-175"
VALUE"LM324D"
JEDEC_TYPE"SO14"
PART_NAME"U_LM324_SERIES_SO14";
"OUT<SIZE-1..0>"
$PN"14"83;
"IP<SIZE-1..0>"
$PN"12"81;
"IN<SIZE-1..0>"
$PN"13"82;
%"GND_SIGNAL"
"1","(13150,-1125)","0","standard","I195";
;
CDS_LIB"standard"
BODY_TYPE"PLUMBING"
HDL_POWER"GND_SIGNAL";
"GND"19;
%"R_SMT"
"1","(12025,-225)","0","r_resistor","I196";
;
PART_NUMBER"10006514"
TOL"5%"
WATTAGE"1/8W"
$LOCATION"R58"
CDS_LOCATION"R58"
$SEC"1"
CDS_SEC"1"
CDS_LIB"r_resistor"
CDS_LMAN_SYM_OUTLINE"-75,25,75,-25"
VALUE"100K"
NEEDS_NO_SIZE"True"
PART_NAME"R_SMT_0805"
TYPE"TF-SMT0805"
JEDEC_TYPE"RESC-0805_W";
"2"
$PN"2"82;
"1"
$PN"1"
$WATTAGE"?"18;
%"R_SMT"
"1","(12100,-825)","1","r_resistor","I197";
;
PART_NUMBER"10006506"
TOL"5%"
WATTAGE"1/8W"
$LOCATION"R60"
CDS_LOCATION"R60"
$SEC"1"
CDS_SEC"1"
CDS_LIB"r_resistor"
CDS_LMAN_SYM_OUTLINE"-75,25,75,-25"
VALUE"47K"
NEEDS_NO_SIZE"True"
PART_NAME"R_SMT_0805"
TYPE"TF-SMT0805"
JEDEC_TYPE"RESC-0805_W";
"2"
$PN"2"81;
"1"
$PN"1"
$WATTAGE"?"19;
%"D_SMT_SCHOTTKY"
"1","(11825,-825)","1","d_diode","I198";
;
PART_NUMBER"10004915"
$LOCATION"D30"
CDS_LOCATION"D30"
$SEC"1"
CDS_SEC"1"
CDS_LIB"d_diode"
CDS_LMAN_SYM_OUTLINE"-50,50,50,-50"
$ALT_SYMBOLS"?"
VALUE"MBR0530"
NEEDS_NO_SIZE"true"
IF"500MA"
PART_NAME"D_SMT_SCHOTTKY_SOD-123"
TYPE"SCHOTTKY"
VRRM"30V"
JEDEC_TYPE"SOD-123_W";
"A"
$PN"A"
Clock"False"19;
"C"
$PN"C"
Clock"False"81;
%"GND_SIGNAL"
"1","(11650,-350)","0","standard","I199";
;
CDS_LIB"standard"
BODY_TYPE"PLUMBING"
HDL_POWER"GND_SIGNAL";
"GND"18;
%"R_TH_CARBON"
"1","(2075,2375)","0","r_resistor","I2";
;
PART_NUMBER"10013752"
TOL"5%"
WATTAGE"1/4W"
MFR_1"YAGEO"
MFR_1_PN"CFR-25J330R"
MFR_1_SPEC"http://a35as03applge.appl.ge.com/Part_Data_Sheets/Yageo/R_TH-Yageo_all.pdf"
MFR_2"NIC"
MFR_2_PN"NCF25J331TRF"
MFR_2_SPEC"http://a35as03applge.appl.ge.com/Part_Data_Sheets/NIC/R_TH_Carbon-NIC_NCF.pdf"
MFR_3"KOA"
MFR_3_PN"CF1/4CXXX331J"
MFR_3_SPEC"http://a35as03applge.appl.ge.com/Part_Data_Sheets/KOA/R_TH_carbon-KOA_CF.pdf"
MFR_4"HKR"
MFR_4_PN"CFR25330RJ"
MFR_4_SPEC"http://a35as03applge.appl.ge.com/Part_Data_Sheets/HKR/R_TH_carbon-HKR_CF.pdf"
$LOCATION"R4"
CDS_LOCATION"R4"
$SEC"1"
CDS_SEC"1"
JEDEC_TYPE"RES_12P5_3D_0P9H"
TYPE"CARBON"
PART_NAME"R_TH_CARBON_1_4W"
VALUE"330"
CDS_LIB"r_resistor"
CDS_LMAN_SYM_OUTLINE"-75,25,75,-25"
NEEDS_NO_SIZE"True";
"2"
$PN"2"0;
"1"
$PN"1"
$WATTAGE"?"47;
%"R_SMT"
"1","(5875,2650)","1","r_resistor","I20";
;
PART_NUMBER"10006466"
TOL"5%"
WATTAGE"1/8W"
$LOCATION"R8"
CDS_LOCATION"R8"
$SEC"1"
CDS_SEC"1"
NEEDS_NO_SIZE"True"
CDS_LMAN_SYM_OUTLINE"-75,25,75,-25"
CDS_LIB"r_resistor"
VALUE"1.0K"
PART_NAME"R_SMT_0805"
TYPE"TF-SMT0805"
JEDEC_TYPE"RESC-0805_W";
"2"
$PN"2"58;
"1"
$PN"1"
$WATTAGE"?"15;
%"C_SMT"
"1","(11625,-675)","1","c_capacitor","I200";
;
PART_NUMBER"10000680"
VOLT"16V"
TOL"20%"
$LOCATION"C31"
CDS_LOCATION"C31"
$SEC"1"
CDS_SEC"1"
CDS_LIB"c_capacitor"
CDS_LMAN_SYM_OUTLINE"-50,25,50,-25"
$ALT_SYMBOLS"?"
$TEMP"?"
VALUE"0.1UF"
JEDEC_TYPE"CAPC-0805_W"
TYPE"X7R"
PART_NAME"C_SMT_X7R_0805"
NEEDS_NO_SIZE"true";
"2"
$PN"2"
Clock"False"81;
"1"
$PN"1"
Clock"False"0;
%"R_SMT"
"1","(11000,-700)","1","r_resistor","I201";
;
PART_NUMBER"10006466"
TOL"5%"
WATTAGE"1/8W"
$LOCATION"R52"
CDS_LOCATION"R52"
$SEC"1"
CDS_SEC"1"
CDS_LIB"r_resistor"
CDS_LMAN_SYM_OUTLINE"-75,25,75,-25"
VALUE"1.0K"
NEEDS_NO_SIZE"True"
PART_NAME"R_SMT_0805"
TYPE"TF-SMT0805"
JEDEC_TYPE"RESC-0805_W";
"2"
$PN"2"80;
"1"
$PN"1"
$WATTAGE"?"17;
%"R_SMT"
"1","(10325,-150)","0","r_resistor","I202";
;
PART_NUMBER"10006514"
TOL"5%"
WATTAGE"1/8W"
$LOCATION"R48"
CDS_LOCATION"R48"
$SEC"1"
CDS_SEC"1"
CDS_LIB"r_resistor"
CDS_LMAN_SYM_OUTLINE"-75,25,75,-25"
VALUE"100K"
JEDEC_TYPE"RESC-0805_W"
TYPE"TF-SMT0805"
PART_NAME"R_SMT_0805"
NEEDS_NO_SIZE"True";
"2"
$PN"2"80;
"1"
$PN"1"
$WATTAGE"?"78;
%"D_SMT_SIGNAL"
"1","(10400,-550)","0","d_diode","I203";
;
PART_NUMBER"10004947"
$LOCATION"D26"
CDS_LOCATION"D26"
$SEC"1"
CDS_SEC"1"
CDS_LIB"d_diode"
CDS_LMAN_SYM_OUTLINE"-50,50,50,-50"
$ALT_SYMBOLS"?"
VALUE"MMBD4148"
NEEDS_NO_SIZE"true"
IF"200MA"
PART_NAME"D_SMT_SIGNAL_1A3C_SOT-23"
TYPE"SIGNAL-3PIN"
VRRM"75V"
JEDEC_TYPE"SOT-23_W";
"A"
$PN"1"
Clock"False"79;
"C"
$PN"3"
Clock"False"80;
%"C_SMT"
"1","(10650,-700)","0","c_capacitor","I204";
;
PART_NUMBER"10000680"
VOLT"16V"
TOL"20%"
$LOCATION"C27"
CDS_LOCATION"C27"
$SEC"1"
CDS_SEC"1"
CDS_LIB"c_capacitor"
CDS_LMAN_SYM_OUTLINE"-50,25,50,-25"
$ALT_SYMBOLS"?"
$TEMP"?"
VALUE"0.1UF"
JEDEC_TYPE"CAPC-0805_W"
TYPE"X7R"
PART_NAME"C_SMT_X7R_0805"
NEEDS_NO_SIZE"true";
"2"
$PN"2"
Clock"False"17;
"1"
$PN"1"
Clock"False"80;
%"GND_SIGNAL"
"1","(10600,-1050)","0","standard","I205";
;
CDS_LIB"standard"
BODY_TYPE"PLUMBING"
HDL_POWER"GND_SIGNAL";
"GND"17;
%"U_LM324_SERIES"
"2","(10050,-550)","6","u_ic","I206";
;
PART_NUMBER"10019427"
$LOCATION"U3"
CDS_LOCATION"U3"
$SEC"4"
CDS_SEC"4"
CDS_LIB"u_ic"
CDS_LMAN_SYM_OUTLINE"-200,125,100,-175"
VALUE"LM324D"
JEDEC_TYPE"SO14"
PART_NAME"U_LM324_SERIES_SO14";
"OUT<SIZE-1..0>"
$PN"14"79;
"IP<SIZE-1..0>"
$PN"12"77;
"IN<SIZE-1..0>"
$PN"13"78;
%"R_SMT"
"1","(9475,-150)","0","r_resistor","I207";
;
PART_NUMBER"10006514"
TOL"5%"
WATTAGE"1/8W"
$LOCATION"R43"
CDS_LOCATION"R43"
$SEC"1"
CDS_SEC"1"
CDS_LIB"r_resistor"
CDS_LMAN_SYM_OUTLINE"-75,25,75,-25"
VALUE"100K"
NEEDS_NO_SIZE"True"
PART_NAME"R_SMT_0805"
TYPE"TF-SMT0805"
JEDEC_TYPE"RESC-0805_W";
"2"
$PN"2"78;
"1"
$PN"1"
$WATTAGE"?"16;
%"R_SMT"
"1","(9550,-750)","1","r_resistor","I208";
;
PART_NUMBER"10006506"
TOL"5%"
WATTAGE"1/8W"
$LOCATION"R44"
CDS_LOCATION"R44"
$SEC"1"
CDS_SEC"1"
CDS_LIB"r_resistor"
CDS_LMAN_SYM_OUTLINE"-75,25,75,-25"
VALUE"47K"
NEEDS_NO_SIZE"True"
PART_NAME"R_SMT_0805"
TYPE"TF-SMT0805"
JEDEC_TYPE"RESC-0805_W";
"2"
$PN"2"77;
"1"
$PN"1"
$WATTAGE"?"17;
%"D_SMT_SCHOTTKY"
"1","(9275,-750)","1","d_diode","I209";
;
PART_NUMBER"10004915"
$LOCATION"D22"
CDS_LOCATION"D22"
$SEC"1"
CDS_SEC"1"
CDS_LIB"d_diode"
CDS_LMAN_SYM_OUTLINE"-50,50,50,-50"
$ALT_SYMBOLS"?"
VALUE"MBR0530"
NEEDS_NO_SIZE"true"
IF"500MA"
PART_NAME"D_SMT_SCHOTTKY_SOD-123"
TYPE"SCHOTTKY"
VRRM"30V"
JEDEC_TYPE"SOD-123_W";
"A"
$PN"A"
Clock"False"17;
"C"
$PN"C"
Clock"False"77;
%"R_SMT"
"1","(5200,3200)","0","r_resistor","I21";
;
PART_NUMBER"10006514"
TOL"5%"
WATTAGE"1/8W"
$LOCATION"R7"
CDS_LOCATION"R7"
$SEC"1"
CDS_SEC"1"
JEDEC_TYPE"RESC-0805_W"
TYPE"TF-SMT0805"
PART_NAME"R_SMT_0805"
VALUE"100K"
CDS_LIB"r_resistor"
CDS_LMAN_SYM_OUTLINE"-75,25,75,-25"
NEEDS_NO_SIZE"True";
"2"
$PN"2"58;
"1"
$PN"1"
$WATTAGE"?"62;
%"GND_SIGNAL"
"1","(9100,-275)","0","standard","I210";
;
CDS_LIB"standard"
BODY_TYPE"PLUMBING"
HDL_POWER"GND_SIGNAL";
"GND"16;
%"C_SMT"
"1","(9075,-600)","1","c_capacitor","I211";
;
PART_NUMBER"10000680"
VOLT"16V"
TOL"20%"
$LOCATION"C22"
CDS_LOCATION"C22"
$SEC"1"
CDS_SEC"1"
CDS_LIB"c_capacitor"
CDS_LMAN_SYM_OUTLINE"-50,25,50,-25"
$ALT_SYMBOLS"?"
$TEMP"?"
VALUE"0.1UF"
JEDEC_TYPE"CAPC-0805_W"
TYPE"X7R"
PART_NAME"C_SMT_X7R_0805"
NEEDS_NO_SIZE"true";
"2"
$PN"2"
Clock"False"77;
"1"
$PN"1"
Clock"False"0;
%"R_SMT"
"1","(4350,3200)","0","r_resistor","I22";
;
PART_NUMBER"10006514"
TOL"5%"
WATTAGE"1/8W"
$LOCATION"R5"
CDS_LOCATION"R5"
$SEC"1"
CDS_SEC"1"
NEEDS_NO_SIZE"True"
CDS_LMAN_SYM_OUTLINE"-75,25,75,-25"
CDS_LIB"r_resistor"
VALUE"100K"
PART_NAME"R_SMT_0805"
TYPE"TF-SMT0805"
JEDEC_TYPE"RESC-0805_W";
"2"
$PN"2"62;
"1"
$PN"1"
$WATTAGE"?"14;
%"C_SMT"
"1","(5525,2650)","0","c_capacitor","I23";
;
PART_NUMBER"10000680"
VOLT"16V"
TOL"20%"
$LOCATION"C2"
CDS_LOCATION"C2"
$SEC"1"
CDS_SEC"1"
JEDEC_TYPE"CAPC-0805_W"
TYPE"X7R"
PART_NAME"C_SMT_X7R_0805"
VALUE"0.1UF"
CDS_LIB"c_capacitor"
CDS_LMAN_SYM_OUTLINE"-50,25,50,-25"
$ALT_SYMBOLS"?"
NEEDS_NO_SIZE"true"
$TEMP"?";
"2"
$PN"2"
Clock"False"15;
"1"
$PN"1"
Clock"False"58;
%"C_SMT"
"1","(3950,2750)","1","c_capacitor","I24";
;
PART_NUMBER"10000680"
VOLT"16V"
TOL"20%"
$LOCATION"C1"
CDS_LOCATION"C1"
$SEC"1"
CDS_SEC"1"
JEDEC_TYPE"CAPC-0805_W"
TYPE"X7R"
PART_NAME"C_SMT_X7R_0805"
VALUE"0.1UF"
CDS_LIB"c_capacitor"
CDS_LMAN_SYM_OUTLINE"-50,25,50,-25"
$ALT_SYMBOLS"?"
NEEDS_NO_SIZE"true"
$TEMP"?";
"2"
$PN"2"
Clock"False"63;
"1"
$PN"1"
Clock"False"0;
%"D_SMT_SIGNAL"
"1","(5275,2800)","0","d_diode","I25";
;
PART_NUMBER"10004947"
$LOCATION"D4"
CDS_LOCATION"D4"
$SEC"1"
CDS_SEC"1"
$ALT_SYMBOLS"?"
NEEDS_NO_SIZE"true"
CDS_LMAN_SYM_OUTLINE"-50,50,50,-50"
CDS_LIB"d_diode"
IF"200MA"
VALUE"MMBD4148"
PART_NAME"D_SMT_SIGNAL_1A3C_SOT-23"
TYPE"SIGNAL-3PIN"
VRRM"75V"
JEDEC_TYPE"SOT-23_W";
"A"
$PN"1"
Clock"False"61;
"C"
$PN"3"
Clock"False"58;
%"GND_SIGNAL"
"1","(5475,2300)","0","standard","I26";
;
CDS_LIB"standard"
BODY_TYPE"PLUMBING"
HDL_POWER"GND_SIGNAL";
"GND"15;
%"GND_SIGNAL"
"1","(3975,3075)","0","standard","I27";
;
CDS_LIB"standard"
BODY_TYPE"PLUMBING"
HDL_POWER"GND_SIGNAL";
"GND"14;
%"U_LM324_SERIES"
"2","(4950,1700)","6","u_ic","I28";
;
PART_NUMBER"10019427"
$LOCATION"U1"
CDS_LOCATION"U1"
$SEC"2"
CDS_SEC"2"
CDS_LMAN_SYM_OUTLINE"-200,125,100,-175"
CDS_LIB"u_ic"
PART_NAME"U_LM324_SERIES_SO14"
JEDEC_TYPE"SO14"
VALUE"LM324D";
"OUT<SIZE-1..0>"
$PN"7"64;
"IP<SIZE-1..0>"
$PN"5"67;
"IN<SIZE-1..0>"
$PN"6"60;
%"D_SMT_SCHOTTKY"
"1","(4150,2600)","1","d_diode","I29";
;
PART_NUMBER"10004915"
$LOCATION"D3"
CDS_LOCATION"D3"
$SEC"1"
CDS_SEC"1"
$ALT_SYMBOLS"?"
NEEDS_NO_SIZE"true"
CDS_LMAN_SYM_OUTLINE"-50,50,50,-50"
CDS_LIB"d_diode"
IF"500MA"
VALUE"MBR0530"
PART_NAME"D_SMT_SCHOTTKY_SOD-123"
TYPE"SCHOTTKY"
VRRM"30V"
JEDEC_TYPE"SOD-123_W";
"A"
$PN"A"
Clock"False"15;
"C"
$PN"C"
Clock"False"63;
%"R_TH_CARBON"
"1","(2075,2175)","0","r_resistor","I3";
;
PART_NUMBER"10013752"
TOL"5%"
WATTAGE"1/4W"
MFR_4_SPEC"http://a35as03applge.appl.ge.com/Part_Data_Sheets/HKR/R_TH_carbon-HKR_CF.pdf"
MFR_4_PN"CFR25330RJ"
MFR_4"HKR"
MFR_3_SPEC"http://a35as03applge.appl.ge.com/Part_Data_Sheets/KOA/R_TH_carbon-KOA_CF.pdf"
MFR_3_PN"CF1/4CXXX331J"
MFR_3"KOA"
MFR_2_SPEC"http://a35as03applge.appl.ge.com/Part_Data_Sheets/NIC/R_TH_Carbon-NIC_NCF.pdf"
MFR_2_PN"NCF25J331TRF"
MFR_2"NIC"
MFR_1_SPEC"http://a35as03applge.appl.ge.com/Part_Data_Sheets/Yageo/R_TH-Yageo_all.pdf"
MFR_1_PN"CFR-25J330R"
MFR_1"YAGEO"
$LOCATION"R1"
CDS_LOCATION"R1"
$SEC"1"
CDS_SEC"1"
JEDEC_TYPE"RES_12P5_3D_0P9H"
TYPE"CARBON"
PART_NAME"R_TH_CARBON_1_4W"
VALUE"330"
CDS_LIB"r_resistor"
CDS_LMAN_SYM_OUTLINE"-75,25,75,-25"
NEEDS_NO_SIZE"True";
"2"
$PN"2"0;
"1"
$PN"1"
$WATTAGE"?"47;
%"GND_SIGNAL"
"1","(5025,2975)","0","standard","I30";
;
BODY_TYPE"PLUMBING"
HDL_POWER"GND_SIGNAL"
CDS_LIB"standard";
"GND"13;
%"R_SMT"
"1","(5900,1550)","1","r_resistor","I31";
;
PART_NUMBER"10006466"
TOL"5%"
WATTAGE"1/8W"
$LOCATION"R19"
CDS_LOCATION"R19"
$SEC"1"
CDS_SEC"1"
CDS_LIB"r_resistor"
CDS_LMAN_SYM_OUTLINE"-75,25,75,-25"
VALUE"1.0K"
NEEDS_NO_SIZE"True"
PART_NAME"R_SMT_0805"
TYPE"TF-SMT0805"
JEDEC_TYPE"RESC-0805_W";
"2"
$PN"2"59;
"1"
$PN"1"
$WATTAGE"?"12;
%"D_SMT_SIGNAL"
"1","(5300,1700)","0","d_diode","I32";
;
PART_NUMBER"10004947"
$LOCATION"D9"
CDS_LOCATION"D9"
$SEC"1"
CDS_SEC"1"
CDS_LIB"d_diode"
CDS_LMAN_SYM_OUTLINE"-50,50,50,-50"
$ALT_SYMBOLS"?"
VALUE"MMBD4148"
NEEDS_NO_SIZE"true"
IF"200MA"
PART_NAME"D_SMT_SIGNAL_1A3C_SOT-23"
TYPE"SIGNAL-3PIN"
VRRM"75V"
JEDEC_TYPE"SOT-23_W";
"A"
$PN"1"
Clock"False"64;
"C"
$PN"3"
Clock"False"59;
%"C_SMT"
"1","(5550,1550)","0","c_capacitor","I33";
;
PART_NUMBER"10000680"
VOLT"16V"
TOL"20%"
$LOCATION"C7"
CDS_LOCATION"C7"
$SEC"1"
CDS_SEC"1"
CDS_LIB"c_capacitor"
CDS_LMAN_SYM_OUTLINE"-50,25,50,-25"
$ALT_SYMBOLS"?"
$TEMP"?"
VALUE"0.1UF"
JEDEC_TYPE"CAPC-0805_W"
TYPE"X7R"
PART_NAME"C_SMT_X7R_0805"
NEEDS_NO_SIZE"true";
"2"
$PN"2"
Clock"False"12;
"1"
$PN"1"
Clock"False"59;
%"GND_SIGNAL"
"1","(5500,1200)","0","standard","I34";
;
CDS_LIB"standard"
BODY_TYPE"PLUMBING"
HDL_POWER"GND_SIGNAL";
"GND"12;
%"R_SMT"
"1","(5225,2100)","0","r_resistor","I35";
;
PART_NUMBER"10006514"
TOL"5%"
WATTAGE"1/8W"
$LOCATION"R16"
CDS_LOCATION"R16"
$SEC"1"
CDS_SEC"1"
CDS_LIB"r_resistor"
CDS_LMAN_SYM_OUTLINE"-75,25,75,-25"
VALUE"100K"
JEDEC_TYPE"RESC-0805_W"
TYPE"TF-SMT0805"
PART_NAME"R_SMT_0805"
NEEDS_NO_SIZE"True";
"2"
$PN"2"59;
"1"
$PN"1"
$WATTAGE"?"60;
%"R_SMT"
"1","(4375,2100)","0","r_resistor","I36";
;
PART_NUMBER"10006514"
TOL"5%"
WATTAGE"1/8W"
$LOCATION"R10"
CDS_LOCATION"R10"
$SEC"1"
CDS_SEC"1"
CDS_LIB"r_resistor"
CDS_LMAN_SYM_OUTLINE"-75,25,75,-25"
VALUE"100K"
NEEDS_NO_SIZE"True"
PART_NAME"R_SMT_0805"
TYPE"TF-SMT0805"
JEDEC_TYPE"RESC-0805_W";
"2"
$PN"2"60;
"1"
$PN"1"
$WATTAGE"?"11;
%"R_SMT"
"1","(4450,1500)","1","r_resistor","I39";
;
PART_NUMBER"10006506"
TOL"5%"
WATTAGE"1/8W"
$LOCATION"R12"
CDS_LOCATION"R12"
$SEC"1"
CDS_SEC"1"
CDS_LIB"r_resistor"
CDS_LMAN_SYM_OUTLINE"-75,25,75,-25"
VALUE"47K"
NEEDS_NO_SIZE"True"
PART_NAME"R_SMT_0805"
TYPE"TF-SMT0805"
JEDEC_TYPE"RESC-0805_W";
"2"
$PN"2"67;
"1"
$PN"1"
$WATTAGE"?"12;
%"R_TH_CARBON"
"1","(2075,1975)","0","r_resistor","I4";
;
PART_NUMBER"10013752"
TOL"5%"
WATTAGE"1/4W"
MFR_4_SPEC"http://a35as03applge.appl.ge.com/Part_Data_Sheets/HKR/R_TH_carbon-HKR_CF.pdf"
MFR_4_PN"CFR25330RJ"
MFR_4"HKR"
MFR_3_SPEC"http://a35as03applge.appl.ge.com/Part_Data_Sheets/KOA/R_TH_carbon-KOA_CF.pdf"
MFR_3_PN"CF1/4CXXX331J"
MFR_3"KOA"
MFR_2_SPEC"http://a35as03applge.appl.ge.com/Part_Data_Sheets/NIC/R_TH_Carbon-NIC_NCF.pdf"
MFR_2_PN"NCF25J331TRF"
MFR_2"NIC"
MFR_1_SPEC"http://a35as03applge.appl.ge.com/Part_Data_Sheets/Yageo/R_TH-Yageo_all.pdf"
MFR_1_PN"CFR-25J330R"
MFR_1"YAGEO"
$LOCATION"R3"
CDS_LOCATION"R3"
$SEC"1"
CDS_SEC"1"
JEDEC_TYPE"RES_12P5_3D_0P9H"
TYPE"CARBON"
PART_NAME"R_TH_CARBON_1_4W"
CDS_LIB"r_resistor"
CDS_LMAN_SYM_OUTLINE"-75,25,75,-25"
NEEDS_NO_SIZE"True"
VALUE"330";
"2"
$PN"2"0;
"1"
$PN"1"
$WATTAGE"?"47;
%"D_SMT_SCHOTTKY"
"1","(4175,1500)","1","d_diode","I40";
;
PART_NUMBER"10004915"
$LOCATION"D6"
CDS_LOCATION"D6"
$SEC"1"
CDS_SEC"1"
CDS_LIB"d_diode"
CDS_LMAN_SYM_OUTLINE"-50,50,50,-50"
$ALT_SYMBOLS"?"
VALUE"MBR0530"
NEEDS_NO_SIZE"true"
IF"500MA"
PART_NAME"D_SMT_SCHOTTKY_SOD-123"
TYPE"SCHOTTKY"
VRRM"30V"
JEDEC_TYPE"SOD-123_W";
"A"
$PN"A"
Clock"False"12;
"C"
$PN"C"
Clock"False"67;
%"GND_SIGNAL"
"1","(4000,1975)","0","standard","I41";
;
CDS_LIB"standard"
BODY_TYPE"PLUMBING"
HDL_POWER"GND_SIGNAL";
"GND"11;
%"C_SMT"
"1","(3975,1650)","1","c_capacitor","I42";
;
PART_NUMBER"10000680"
VOLT"16V"
TOL"20%"
$LOCATION"C4"
CDS_LOCATION"C4"
$SEC"1"
CDS_SEC"1"
CDS_LIB"c_capacitor"
CDS_LMAN_SYM_OUTLINE"-50,25,50,-25"
$ALT_SYMBOLS"?"
$TEMP"?"
VALUE"0.1UF"
JEDEC_TYPE"CAPC-0805_W"
TYPE"X7R"
PART_NAME"C_SMT_X7R_0805"
NEEDS_NO_SIZE"true";
"2"
$PN"2"
Clock"False"67;
"1"
$PN"1"
Clock"False"0;
%"R_SMT"
"1","(5875,500)","1","r_resistor","I43";
;
PART_NUMBER"10006466"
TOL"5%"
WATTAGE"1/8W"
$LOCATION"R18"
CDS_LOCATION"R18"
$SEC"1"
CDS_SEC"1"
CDS_LIB"r_resistor"
CDS_LMAN_SYM_OUTLINE"-75,25,75,-25"
VALUE"1.0K"
NEEDS_NO_SIZE"True"
PART_NAME"R_SMT_0805"
TYPE"TF-SMT0805"
JEDEC_TYPE"RESC-0805_W";
"2"
$PN"2"65;
"1"
$PN"1"
$WATTAGE"?"39;
%"D_SMT_SIGNAL"
"1","(5275,650)","0","d_diode","I44";
;
PART_NUMBER"10004947"
$LOCATION"D8"
CDS_LOCATION"D8"
$SEC"1"
CDS_SEC"1"
CDS_LIB"d_diode"
CDS_LMAN_SYM_OUTLINE"-50,50,50,-50"
$ALT_SYMBOLS"?"
VALUE"MMBD4148"
NEEDS_NO_SIZE"true"
IF"200MA"
PART_NAME"D_SMT_SIGNAL_1A3C_SOT-23"
TYPE"SIGNAL-3PIN"
VRRM"75V"
JEDEC_TYPE"SOT-23_W";
"A"
$PN"1"
Clock"False"66;
"C"
$PN"3"
Clock"False"65;
%"C_SMT"
"1","(5525,500)","0","c_capacitor","I45";
;
PART_NUMBER"10000680"
VOLT"16V"
TOL"20%"
$LOCATION"C6"
CDS_LOCATION"C6"
$SEC"1"
CDS_SEC"1"
CDS_LIB"c_capacitor"
CDS_LMAN_SYM_OUTLINE"-50,25,50,-25"
$ALT_SYMBOLS"?"
$TEMP"?"
VALUE"0.1UF"
JEDEC_TYPE"CAPC-0805_W"
TYPE"X7R"
PART_NAME"C_SMT_X7R_0805"
NEEDS_NO_SIZE"true";
"2"
$PN"2"
Clock"False"39;
"1"
$PN"1"
Clock"False"65;
%"GND_SIGNAL"
"1","(5475,150)","0","standard","I46";
;
CDS_LIB"standard"
BODY_TYPE"PLUMBING"
HDL_POWER"GND_SIGNAL";
"GND"39;
%"R_SMT"
"1","(5200,1050)","0","r_resistor","I47";
;
PART_NUMBER"10006514"
TOL"5%"
WATTAGE"1/8W"
$LOCATION"R15"
CDS_LOCATION"R15"
$SEC"1"
CDS_SEC"1"
CDS_LIB"r_resistor"
CDS_LMAN_SYM_OUTLINE"-75,25,75,-25"
VALUE"100K"
JEDEC_TYPE"RESC-0805_W"
TYPE"TF-SMT0805"
PART_NAME"R_SMT_0805"
NEEDS_NO_SIZE"True";
"2"
$PN"2"65;
"1"
$PN"1"
$WATTAGE"?"68;
%"R_SMT"
"1","(4350,1050)","0","r_resistor","I48";
;
PART_NUMBER"10006514"
TOL"5%"
WATTAGE"1/8W"
$LOCATION"R9"
CDS_LOCATION"R9"
$SEC"1"
CDS_SEC"1"
CDS_LIB"r_resistor"
CDS_LMAN_SYM_OUTLINE"-75,25,75,-25"
VALUE"100K"
NEEDS_NO_SIZE"True"
PART_NAME"R_SMT_0805"
TYPE"TF-SMT0805"
JEDEC_TYPE"RESC-0805_W";
"2"
$PN"2"68;
"1"
$PN"1"
$WATTAGE"?"10;
%"R_SMT"
"1","(4425,450)","1","r_resistor","I51";
;
PART_NUMBER"10006506"
TOL"5%"
WATTAGE"1/8W"
$LOCATION"R11"
CDS_LOCATION"R11"
$SEC"1"
CDS_SEC"1"
CDS_LIB"r_resistor"
CDS_LMAN_SYM_OUTLINE"-75,25,75,-25"
VALUE"47K"
NEEDS_NO_SIZE"True"
PART_NAME"R_SMT_0805"
TYPE"TF-SMT0805"
JEDEC_TYPE"RESC-0805_W";
"2"
$PN"2"69;
"1"
$PN"1"
$WATTAGE"?"39;
%"D_SMT_SCHOTTKY"
"1","(4150,450)","1","d_diode","I52";
;
PART_NUMBER"10004915"
$LOCATION"D5"
CDS_LOCATION"D5"
$SEC"1"
CDS_SEC"1"
CDS_LIB"d_diode"
CDS_LMAN_SYM_OUTLINE"-50,50,50,-50"
$ALT_SYMBOLS"?"
VALUE"MBR0530"
NEEDS_NO_SIZE"true"
IF"500MA"
PART_NAME"D_SMT_SCHOTTKY_SOD-123"
TYPE"SCHOTTKY"
VRRM"30V"
JEDEC_TYPE"SOD-123_W";
"A"
$PN"A"
Clock"False"39;
"C"
$PN"C"
Clock"False"69;
%"GND_SIGNAL"
"1","(3975,925)","0","standard","I53";
;
CDS_LIB"standard"
BODY_TYPE"PLUMBING"
HDL_POWER"GND_SIGNAL";
"GND"10;
%"C_SMT"
"1","(3950,600)","1","c_capacitor","I54";
;
PART_NUMBER"10000680"
VOLT"16V"
TOL"20%"
$LOCATION"C3"
CDS_LOCATION"C3"
$SEC"1"
CDS_SEC"1"
CDS_LIB"c_capacitor"
CDS_LMAN_SYM_OUTLINE"-50,25,50,-25"
$ALT_SYMBOLS"?"
$TEMP"?"
VALUE"0.1UF"
JEDEC_TYPE"CAPC-0805_W"
TYPE"X7R"
PART_NAME"C_SMT_X7R_0805"
NEEDS_NO_SIZE"true";
"2"
$PN"2"
Clock"False"69;
"1"
$PN"1"
Clock"False"0;
%"R_SMT"
"1","(5975,-625)","1","r_resistor","I55";
;
PART_NUMBER"10006466"
TOL"5%"
WATTAGE"1/8W"
$LOCATION"R20"
CDS_LOCATION"R20"
$SEC"1"
CDS_SEC"1"
CDS_LIB"r_resistor"
CDS_LMAN_SYM_OUTLINE"-75,25,75,-25"
VALUE"1.0K"
NEEDS_NO_SIZE"True"
PART_NAME"R_SMT_0805"
TYPE"TF-SMT0805"
JEDEC_TYPE"RESC-0805_W";
"2"
$PN"2"74;
"1"
$PN"1"
$WATTAGE"?"9;
%"D_SMT_SIGNAL"
"1","(5375,-475)","0","d_diode","I56";
;
PART_NUMBER"10004947"
$LOCATION"D10"
CDS_LOCATION"D10"
$SEC"1"
CDS_SEC"1"
CDS_LIB"d_diode"
CDS_LMAN_SYM_OUTLINE"-50,50,50,-50"
$ALT_SYMBOLS"?"
VALUE"MMBD4148"
NEEDS_NO_SIZE"true"
IF"200MA"
PART_NAME"D_SMT_SIGNAL_1A3C_SOT-23"
TYPE"SIGNAL-3PIN"
VRRM"75V"
JEDEC_TYPE"SOT-23_W";
"A"
$PN"1"
Clock"False"75;
"C"
$PN"3"
Clock"False"74;
%"C_SMT"
"1","(5625,-625)","0","c_capacitor","I57";
;
PART_NUMBER"10000680"
VOLT"16V"
TOL"20%"
$LOCATION"C8"
CDS_LOCATION"C8"
$SEC"1"
CDS_SEC"1"
CDS_LIB"c_capacitor"
CDS_LMAN_SYM_OUTLINE"-50,25,50,-25"
$ALT_SYMBOLS"?"
$TEMP"?"
VALUE"0.1UF"
JEDEC_TYPE"CAPC-0805_W"
TYPE"X7R"
PART_NAME"C_SMT_X7R_0805"
NEEDS_NO_SIZE"true";
"2"
$PN"2"
Clock"False"9;
"1"
$PN"1"
Clock"False"74;
%"GND_SIGNAL"
"1","(5575,-975)","0","standard","I58";
;
CDS_LIB"standard"
BODY_TYPE"PLUMBING"
HDL_POWER"GND_SIGNAL";
"GND"9;
%"R_SMT"
"1","(5300,-75)","0","r_resistor","I59";
;
PART_NUMBER"10006514"
TOL"5%"
WATTAGE"1/8W"
$LOCATION"R17"
CDS_LOCATION"R17"
$SEC"1"
CDS_SEC"1"
CDS_LIB"r_resistor"
CDS_LMAN_SYM_OUTLINE"-75,25,75,-25"
VALUE"100K"
JEDEC_TYPE"RESC-0805_W"
TYPE"TF-SMT0805"
PART_NAME"R_SMT_0805"
NEEDS_NO_SIZE"True";
"2"
$PN"2"74;
"1"
$PN"1"
$WATTAGE"?"45;
%"D_TH_SIGNAL"
"1","(1025,800)","0","d_diode","I6";
;
PART_NUMBER"10004927"
MFR_1"DIODES"
MFR_1_PN"1N4148"
MFR_1_SPEC"http://a35as03applge.appl.ge.com/Part_Data_Sheets/Diodes/D_SIGNAL-Diodes_1N4148-1N4448_DO-35.pdf"
MFR_2"FAIRCHILD"
MFR_2_PN"1N4148"
MFR_2_SPEC"http://a35as03applge.appl.ge.com/Part_Data_Sheets/Fairchild/D_SIGNAL-Fairchild_1N4148-1N4448_DO-35.pdf"
MFR_4"VISHAY"
MFR_4_PN"1N4148"
MFR_4_SPEC"http://a35as03applge.appl.ge.com/Part_Data_Sheets/Vishay/D_SIGNAL-Vishay_1N4148_DO-35.pdf"
MFR_5"PHILIPS"
MFR_5_PN"1N4148"
MFR_5_SPEC"http://a35as03applge.appl.ge.com/Part_Data_Sheets/Philips/D_SIGNAL-Philips_1N4148-1N4448_DO-35.pdf"
$LOCATION"D1"
CDS_LOCATION"D1"
$SEC"1"
CDS_SEC"1"
JEDEC_TYPE"DO-35_7P5"
VRRM"75V"
TYPE"SIGNAL"
PART_NAME"D_TH_SIGNAL_DO-35"
VALUE"1N4148"
IF"150MA"
CDS_LIB"d_diode"
CDS_LMAN_SYM_OUTLINE"-50,50,50,-50"
NEEDS_NO_SIZE"TRUE"
$ALT_SYMBOLS"?";
"A"
$PN"A"
Clock"False"46;
"C"
$PN"C"
Clock"False"108;
%"R_SMT"
"1","(4450,-75)","0","r_resistor","I60";
;
PART_NUMBER"10006514"
TOL"5%"
WATTAGE"1/8W"
$LOCATION"R13"
CDS_LOCATION"R13"
$SEC"1"
CDS_SEC"1"
CDS_LIB"r_resistor"
CDS_LMAN_SYM_OUTLINE"-75,25,75,-25"
VALUE"100K"
NEEDS_NO_SIZE"True"
PART_NAME"R_SMT_0805"
TYPE"TF-SMT0805"
JEDEC_TYPE"RESC-0805_W";
"2"
$PN"2"45;
"1"
$PN"1"
$WATTAGE"?"8;
%"R_SMT"
"1","(4525,-675)","1","r_resistor","I63";
;
PART_NUMBER"10006506"
TOL"5%"
WATTAGE"1/8W"
$LOCATION"R14"
CDS_LOCATION"R14"
$SEC"1"
CDS_SEC"1"
CDS_LIB"r_resistor"
CDS_LMAN_SYM_OUTLINE"-75,25,75,-25"
VALUE"47K"
NEEDS_NO_SIZE"True"
PART_NAME"R_SMT_0805"
TYPE"TF-SMT0805"
JEDEC_TYPE"RESC-0805_W";
"2"
$PN"2"76;
"1"
$PN"1"
$WATTAGE"?"9;
%"D_SMT_SCHOTTKY"
"1","(4250,-675)","1","d_diode","I64";
;
PART_NUMBER"10004915"
$LOCATION"D7"
CDS_LOCATION"D7"
$SEC"1"
CDS_SEC"1"
CDS_LIB"d_diode"
CDS_LMAN_SYM_OUTLINE"-50,50,50,-50"
$ALT_SYMBOLS"?"
VALUE"MBR0530"
NEEDS_NO_SIZE"true"
IF"500MA"
PART_NAME"D_SMT_SCHOTTKY_SOD-123"
TYPE"SCHOTTKY"
VRRM"30V"
JEDEC_TYPE"SOD-123_W";
"A"
$PN"A"
Clock"False"9;
"C"
$PN"C"
Clock"False"76;
%"GND_SIGNAL"
"1","(4075,-200)","0","standard","I65";
;
CDS_LIB"standard"
BODY_TYPE"PLUMBING"
HDL_POWER"GND_SIGNAL";
"GND"8;
%"C_SMT"
"1","(4050,-525)","1","c_capacitor","I66";
;
PART_NUMBER"10000680"
VOLT"16V"
TOL"20%"
$LOCATION"C5"
CDS_LOCATION"C5"
$SEC"1"
CDS_SEC"1"
CDS_LIB"c_capacitor"
CDS_LMAN_SYM_OUTLINE"-50,25,50,-25"
$ALT_SYMBOLS"?"
$TEMP"?"
VALUE"0.1UF"
JEDEC_TYPE"CAPC-0805_W"
TYPE"X7R"
PART_NAME"C_SMT_X7R_0805"
NEEDS_NO_SIZE"true";
"2"
$PN"2"
Clock"False"76;
"1"
$PN"1"
Clock"False"0;
%"U_LM324_SERIES"
"2","(4925,650)","6","u_ic","I67";
;
PART_NUMBER"10019427"
$LOCATION"U1"
CDS_LOCATION"U1"
$SEC"3"
CDS_SEC"3"
CDS_LIB"u_ic"
CDS_LMAN_SYM_OUTLINE"-200,125,100,-175"
VALUE"LM324D"
PART_NAME"U_LM324_SERIES_SO14"
JEDEC_TYPE"SO14";
"OUT<SIZE-1..0>"
$PN"8"66;
"IP<SIZE-1..0>"
$PN"10"69;
"IN<SIZE-1..0>"
$PN"9"68;
%"U_LM324_SERIES"
"2","(5025,-475)","6","u_ic","I68";
;
PART_NUMBER"10019427"
$LOCATION"U1"
CDS_LOCATION"U1"
$SEC"4"
CDS_SEC"4"
CDS_LIB"u_ic"
CDS_LMAN_SYM_OUTLINE"-200,125,100,-175"
VALUE"LM324D"
JEDEC_TYPE"SO14"
PART_NAME"U_LM324_SERIES_SO14";
"OUT<SIZE-1..0>"
$PN"14"75;
"IP<SIZE-1..0>"
$PN"12"76;
"IN<SIZE-1..0>"
$PN"13"45;
%"R_SMT"
"1","(8475,2650)","1","r_resistor","I69";
;
PART_NUMBER"10006466"
TOL"5%"
WATTAGE"1/8W"
$LOCATION"R24"
CDS_LOCATION"R24"
$SEC"1"
CDS_SEC"1"
CDS_LIB"r_resistor"
CDS_LMAN_SYM_OUTLINE"-75,25,75,-25"
VALUE"1.0K"
NEEDS_NO_SIZE"True"
PART_NAME"R_SMT_0805"
TYPE"TF-SMT0805"
JEDEC_TYPE"RESC-0805_W";
"2"
$PN"2"43;
"1"
$PN"1"
$WATTAGE"?"7;
%"D_TH_SIGNAL"
"1","(1025,1075)","0","d_diode","I7";
;
PART_NUMBER"10004927"
MFR_1"DIODES"
MFR_1_PN"1N4148"
MFR_1_SPEC"http://a35as03applge.appl.ge.com/Part_Data_Sheets/Diodes/D_SIGNAL-Diodes_1N4148-1N4448_DO-35.pdf"
MFR_2"FAIRCHILD"
MFR_2_PN"1N4148"
MFR_2_SPEC"http://a35as03applge.appl.ge.com/Part_Data_Sheets/Fairchild/D_SIGNAL-Fairchild_1N4148-1N4448_DO-35.pdf"
MFR_4"VISHAY"
MFR_4_PN"1N4148"
MFR_4_SPEC"http://a35as03applge.appl.ge.com/Part_Data_Sheets/Vishay/D_SIGNAL-Vishay_1N4148_DO-35.pdf"
MFR_5"PHILIPS"
MFR_5_PN"1N4148"
MFR_5_SPEC"http://a35as03applge.appl.ge.com/Part_Data_Sheets/Philips/D_SIGNAL-Philips_1N4148-1N4448_DO-35.pdf"
$LOCATION"D2"
CDS_LOCATION"D2"
$SEC"1"
CDS_SEC"1"
JEDEC_TYPE"DO-35_7P5"
VRRM"75V"
TYPE"SIGNAL"
PART_NAME"D_TH_SIGNAL_DO-35"
VALUE"1N4148"
IF"150MA"
CDS_LIB"d_diode"
CDS_LMAN_SYM_OUTLINE"-50,50,50,-50"
NEEDS_NO_SIZE"TRUE"
$ALT_SYMBOLS"?";
"A"
$PN"A"
Clock"False"107;
"C"
$PN"C"
Clock"False"108;
%"D_SMT_SIGNAL"
"1","(7875,2800)","0","d_diode","I70";
;
PART_NUMBER"10004947"
$LOCATION"D12"
CDS_LOCATION"D12"
$SEC"1"
CDS_SEC"1"
CDS_LIB"d_diode"
CDS_LMAN_SYM_OUTLINE"-50,50,50,-50"
$ALT_SYMBOLS"?"
VALUE"MMBD4148"
NEEDS_NO_SIZE"true"
IF"200MA"
PART_NAME"D_SMT_SIGNAL_1A3C_SOT-23"
TYPE"SIGNAL-3PIN"
VRRM"75V"
JEDEC_TYPE"SOT-23_W";
"A"
$PN"1"
Clock"False"49;
"C"
$PN"3"
Clock"False"43;
%"C_SMT"
"1","(8125,2650)","0","c_capacitor","I71";
;
PART_NUMBER"10000680"
VOLT"16V"
TOL"20%"
$LOCATION"C10"
CDS_LOCATION"C10"
$SEC"1"
CDS_SEC"1"
CDS_LIB"c_capacitor"
CDS_LMAN_SYM_OUTLINE"-50,25,50,-25"
$ALT_SYMBOLS"?"
$TEMP"?"
VALUE"0.1UF"
JEDEC_TYPE"CAPC-0805_W"
TYPE"X7R"
PART_NAME"C_SMT_X7R_0805"
NEEDS_NO_SIZE"true";
"2"
$PN"2"
Clock"False"7;
"1"
$PN"1"
Clock"False"43;
%"GND_SIGNAL"
"1","(8075,2300)","0","standard","I72";
;
CDS_LIB"standard"
BODY_TYPE"PLUMBING"
HDL_POWER"GND_SIGNAL";
"GND"7;
%"R_SMT"
"1","(7800,3200)","0","r_resistor","I73";
;
PART_NUMBER"10006514"
TOL"5%"
WATTAGE"1/8W"
$LOCATION"R23"
CDS_LOCATION"R23"
$SEC"1"
CDS_SEC"1"
CDS_LIB"r_resistor"
CDS_LMAN_SYM_OUTLINE"-75,25,75,-25"
VALUE"100K"
JEDEC_TYPE"RESC-0805_W"
TYPE"TF-SMT0805"
PART_NAME"R_SMT_0805"
NEEDS_NO_SIZE"True";
"2"
$PN"2"43;
"1"
$PN"1"
$WATTAGE"?"50;
%"R_SMT"
"1","(6950,3200)","0","r_resistor","I74";
;
PART_NUMBER"10006514"
TOL"5%"
WATTAGE"1/8W"
$LOCATION"R21"
CDS_LOCATION"R21"
$SEC"1"
CDS_SEC"1"
CDS_LIB"r_resistor"
CDS_LMAN_SYM_OUTLINE"-75,25,75,-25"
VALUE"100K"
NEEDS_NO_SIZE"True"
PART_NAME"R_SMT_0805"
TYPE"TF-SMT0805"
JEDEC_TYPE"RESC-0805_W";
"2"
$PN"2"50;
"1"
$PN"1"
$WATTAGE"?"5;
%"GND_SIGNAL"
"1","(7625,2975)","0","standard","I75";
;
CDS_LIB"standard"
BODY_TYPE"PLUMBING"
HDL_POWER"GND_SIGNAL";
"GND"6;
%"U_LM324_SERIES"
"1","(7525,2800)","6","u_ic","I76";
;
PART_NUMBER"10019427"
$LOCATION"U2"
CDS_LOCATION"U2"
$SEC"1"
CDS_SEC"1"
CDS_LIB"u_ic"
CDS_LMAN_SYM_OUTLINE"-200,125,100,-175"
VALUE"LM324D"
JEDEC_TYPE"SO14"
PART_NAME"U_LM324_SERIES_SO14";
"4"
$PN"4"3;
"IN<SIZE-1..0>"
$PN"2"50;
"11"
$PN"11"6;
"IP<SIZE-1..0>"
$PN"3"51;
"OUT<SIZE-1..0>"
$PN"1"49;
%"R_SMT"
"1","(7025,2600)","1","r_resistor","I77";
;
PART_NUMBER"10006506"
TOL"5%"
WATTAGE"1/8W"
$LOCATION"R22"
CDS_LOCATION"R22"
$SEC"1"
CDS_SEC"1"
CDS_LIB"r_resistor"
CDS_LMAN_SYM_OUTLINE"-75,25,75,-25"
VALUE"47K"
NEEDS_NO_SIZE"True"
PART_NAME"R_SMT_0805"
TYPE"TF-SMT0805"
JEDEC_TYPE"RESC-0805_W";
"2"
$PN"2"51;
"1"
$PN"1"
$WATTAGE"?"7;
%"D_SMT_SCHOTTKY"
"1","(6750,2600)","1","d_diode","I78";
;
PART_NUMBER"10004915"
$LOCATION"D11"
CDS_LOCATION"D11"
$SEC"1"
CDS_SEC"1"
CDS_LIB"d_diode"
CDS_LMAN_SYM_OUTLINE"-50,50,50,-50"
$ALT_SYMBOLS"?"
VALUE"MBR0530"
NEEDS_NO_SIZE"true"
IF"500MA"
PART_NAME"D_SMT_SCHOTTKY_SOD-123"
TYPE"SCHOTTKY"
VRRM"30V"
JEDEC_TYPE"SOD-123_W";
"A"
$PN"A"
Clock"False"7;
"C"
$PN"C"
Clock"False"51;
%"GND_SIGNAL"
"1","(6575,3075)","0","standard","I79";
;
CDS_LIB"standard"
BODY_TYPE"PLUMBING"
HDL_POWER"GND_SIGNAL";
"GND"5;
%"J_5_RT"
"1","(2400,1125)","0","j_connector2fjumper","I8";
;
PART_NUMBER"10017317"
MFR_1_SPEC"http://a35as03applge.appl.ge.com/part_data_sheets/amp/amp_640457.pdf"
MFR_1_PN"640457-5"
MFR_1"AMP"
$LOCATION"J3"
CDS_LOCATION"J3"
$SEC"1"
CDS_SEC"1"
JEDEC_TYPE"CONN-TYCO-5PIN-100MIL-RT"
PART_NAME"J_5_RT_AMP_640457"
VALUE"640457-5"
CDS_LIB"j_connector2fjumper"
CDS_LMAN_SYM_OUTLINE"-75,150,75,-150"
NEEDS_NO_SIZE"TRUE";
"5"
$PN"5"47;
"4"
$PN"4"0;
"3"
$PN"3"0;
"2"
$PN"2"0;
"1"
$PN"1"0;
%"C_SMT"
"1","(6550,2750)","1","c_capacitor","I80";
;
PART_NUMBER"10000680"
VOLT"16V"
TOL"20%"
$LOCATION"C9"
CDS_LOCATION"C9"
$SEC"1"
CDS_SEC"1"
CDS_LIB"c_capacitor"
CDS_LMAN_SYM_OUTLINE"-50,25,50,-25"
$ALT_SYMBOLS"?"
$TEMP"?"
VALUE"0.1UF"
JEDEC_TYPE"CAPC-0805_W"
TYPE"X7R"
PART_NAME"C_SMT_X7R_0805"
NEEDS_NO_SIZE"true";
"2"
$PN"2"
Clock"False"51;
"1"
$PN"1"
Clock"False"0;
%"STD_VCC_BAR"
"1","(4825,2525)","6","standard","I81";
;
VOLTAGE"VCC"
BODY_TYPE"PLUMBING"
CDS_LMAN_SYM_OUTLINE"-125,125,125,-125"
CDS_LIB"standard"
HDL_POWER"VCC";
"$PIN0"4;
%"C_SMT"
"1","(5425,2975)","0","c_capacitor","I82";
;
PART_NUMBER"10000680"
VOLT"16V"
TOL"20%"
$LOCATION"C11"
CDS_LOCATION"C11"
$SEC"1"
CDS_SEC"1"
CDS_LIB"c_capacitor"
CDS_LMAN_SYM_OUTLINE"-50,25,50,-25"
$ALT_SYMBOLS"?"
$TEMP"?"
VALUE"0.1UF"
JEDEC_TYPE"CAPC-0805_W"
TYPE"X7R"
PART_NAME"C_SMT_X7R_0805"
NEEDS_NO_SIZE"true";
"2"
$PN"2"
Clock"False"4;
"1"
$PN"1"
Clock"False"13;
%"C_SMT"
"1","(8025,2975)","0","c_capacitor","I83";
;
PART_NUMBER"10000680"
VOLT"16V"
TOL"20%"
$LOCATION"C15"
CDS_LOCATION"C15"
$SEC"1"
CDS_SEC"1"
CDS_LIB"c_capacitor"
CDS_LMAN_SYM_OUTLINE"-50,25,50,-25"
$ALT_SYMBOLS"?"
$TEMP"?"
VALUE"0.1UF"
JEDEC_TYPE"CAPC-0805_W"
TYPE"X7R"
PART_NAME"C_SMT_X7R_0805"
NEEDS_NO_SIZE"true";
"2"
$PN"2"
Clock"False"3;
"1"
$PN"1"
Clock"False"6;
%"STD_VCC_BAR"
"1","(7425,2500)","6","standard","I84";
;
VOLTAGE"VCC"
CDS_LIB"standard"
CDS_LMAN_SYM_OUTLINE"-125,125,125,-125"
HDL_POWER"VCC"
BODY_TYPE"PLUMBING";
"$PIN0"3;
%"R_SMT"
"1","(7775,2025)","0","r_resistor","I85";
;
PART_NUMBER"10006514"
TOL"5%"
WATTAGE"1/8W"
$LOCATION"R32"
CDS_LOCATION"R32"
$SEC"1"
CDS_SEC"1"
CDS_LIB"r_resistor"
CDS_LMAN_SYM_OUTLINE"-75,25,75,-25"
VALUE"100K"
JEDEC_TYPE"RESC-0805_W"
TYPE"TF-SMT0805"
PART_NAME"R_SMT_0805"
NEEDS_NO_SIZE"True";
"2"
$PN"2"42;
"1"
$PN"1"
$WATTAGE"?"54;
%"R_SMT"
"1","(6925,2025)","0","r_resistor","I86";
;
PART_NUMBER"10006514"
TOL"5%"
WATTAGE"1/8W"
$LOCATION"R26"
CDS_LOCATION"R26"
$SEC"1"
CDS_SEC"1"
CDS_LIB"r_resistor"
CDS_LMAN_SYM_OUTLINE"-75,25,75,-25"
VALUE"100K"
NEEDS_NO_SIZE"True"
PART_NAME"R_SMT_0805"
TYPE"TF-SMT0805"
JEDEC_TYPE"RESC-0805_W";
"2"
$PN"2"54;
"1"
$PN"1"
$WATTAGE"?"38;
%"R_SMT"
"1","(8450,1475)","1","r_resistor","I87";
;
PART_NUMBER"10006466"
TOL"5%"
WATTAGE"1/8W"
$LOCATION"R35"
CDS_LOCATION"R35"
$SEC"1"
CDS_SEC"1"
CDS_LIB"r_resistor"
CDS_LMAN_SYM_OUTLINE"-75,25,75,-25"
VALUE"1.0K"
NEEDS_NO_SIZE"True"
PART_NAME"R_SMT_0805"
TYPE"TF-SMT0805"
JEDEC_TYPE"RESC-0805_W";
"2"
$PN"2"42;
"1"
$PN"1"
$WATTAGE"?"2;
%"D_SMT_SIGNAL"
"1","(7850,1625)","0","d_diode","I88";
;
PART_NUMBER"10004947"
$LOCATION"D17"
CDS_LOCATION"D17"
$SEC"1"
CDS_SEC"1"
CDS_LIB"d_diode"
CDS_LMAN_SYM_OUTLINE"-50,50,50,-50"
$ALT_SYMBOLS"?"
VALUE"MMBD4148"
NEEDS_NO_SIZE"true"
IF"200MA"
PART_NAME"D_SMT_SIGNAL_1A3C_SOT-23"
TYPE"SIGNAL-3PIN"
VRRM"75V"
JEDEC_TYPE"SOT-23_W";
"A"
$PN"1"
Clock"False"52;
"C"
$PN"3"
Clock"False"42;
%"C_SMT"
"1","(8100,1475)","0","c_capacitor","I89";
;
PART_NUMBER"10000680"
VOLT"16V"
TOL"20%"
$LOCATION"C17"
CDS_LOCATION"C17"
$SEC"1"
CDS_SEC"1"
CDS_LIB"c_capacitor"
CDS_LMAN_SYM_OUTLINE"-50,25,50,-25"
$ALT_SYMBOLS"?"
$TEMP"?"
VALUE"0.1UF"
JEDEC_TYPE"CAPC-0805_W"
TYPE"X7R"
PART_NAME"C_SMT_X7R_0805"
NEEDS_NO_SIZE"true";
"2"
$PN"2"
Clock"False"2;
"1"
$PN"1"
Clock"False"42;
%"J_5_RT"
"1","(2400,700)","0","j_connector2fjumper","I9";
;
PART_NUMBER"10017317"
MFR_1"AMP"
MFR_1_PN"640457-5"
MFR_1_SPEC"http://a35as03applge.appl.ge.com/part_data_sheets/amp/amp_640457.pdf"
$LOCATION"J4"
CDS_LOCATION"J4"
$SEC"1"
CDS_SEC"1"
JEDEC_TYPE"CONN-TYCO-5PIN-100MIL-RT"
PART_NAME"J_5_RT_AMP_640457"
VALUE"640457-5"
CDS_LIB"j_connector2fjumper"
CDS_LMAN_SYM_OUTLINE"-75,150,75,-150"
NEEDS_NO_SIZE"TRUE";
"5"
$PN"5"47;
"4"
$PN"4"0;
"3"
$PN"3"0;
"2"
$PN"2"0;
"1"
$PN"1"0;
%"GND_SIGNAL"
"1","(8050,1125)","0","standard","I90";
;
CDS_LIB"standard"
BODY_TYPE"PLUMBING"
HDL_POWER"GND_SIGNAL";
"GND"2;
%"R_SMT"
"1","(8425,425)","1","r_resistor","I91";
;
PART_NUMBER"10006466"
TOL"5%"
WATTAGE"1/8W"
$LOCATION"R34"
CDS_LOCATION"R34"
$SEC"1"
CDS_SEC"1"
CDS_LIB"r_resistor"
CDS_LMAN_SYM_OUTLINE"-75,25,75,-25"
VALUE"1.0K"
NEEDS_NO_SIZE"True"
PART_NAME"R_SMT_0805"
TYPE"TF-SMT0805"
JEDEC_TYPE"RESC-0805_W";
"2"
$PN"2"48;
"1"
$PN"1"
$WATTAGE"?"1;
%"D_SMT_SIGNAL"
"1","(7825,575)","0","d_diode","I92";
;
PART_NUMBER"10004947"
$LOCATION"D16"
CDS_LOCATION"D16"
$SEC"1"
CDS_SEC"1"
CDS_LIB"d_diode"
CDS_LMAN_SYM_OUTLINE"-50,50,50,-50"
$ALT_SYMBOLS"?"
VALUE"MMBD4148"
NEEDS_NO_SIZE"true"
IF"200MA"
PART_NAME"D_SMT_SIGNAL_1A3C_SOT-23"
TYPE"SIGNAL-3PIN"
VRRM"75V"
JEDEC_TYPE"SOT-23_W";
"A"
$PN"1"
Clock"False"53;
"C"
$PN"3"
Clock"False"48;
%"C_SMT"
"1","(8075,425)","0","c_capacitor","I93";
;
PART_NUMBER"10000680"
VOLT"16V"
TOL"20%"
$LOCATION"C16"
CDS_LOCATION"C16"
$SEC"1"
CDS_SEC"1"
CDS_LIB"c_capacitor"
CDS_LMAN_SYM_OUTLINE"-50,25,50,-25"
$ALT_SYMBOLS"?"
$TEMP"?"
VALUE"0.1UF"
JEDEC_TYPE"CAPC-0805_W"
TYPE"X7R"
PART_NAME"C_SMT_X7R_0805"
NEEDS_NO_SIZE"true";
"2"
$PN"2"
Clock"False"1;
"1"
$PN"1"
Clock"False"48;
%"GND_SIGNAL"
"1","(8025,75)","0","standard","I94";
;
CDS_LIB"standard"
BODY_TYPE"PLUMBING"
HDL_POWER"GND_SIGNAL";
"GND"1;
%"U_LM324_SERIES"
"2","(7500,1625)","6","u_ic","I95";
;
PART_NUMBER"10019427"
$LOCATION"U2"
CDS_LOCATION"U2"
$SEC"3"
CDS_SEC"3"
CDS_LIB"u_ic"
CDS_LMAN_SYM_OUTLINE"-200,125,100,-175"
VALUE"LM324D"
PART_NAME"U_LM324_SERIES_SO14"
JEDEC_TYPE"SO14";
"OUT<SIZE-1..0>"
$PN"8"52;
"IP<SIZE-1..0>"
$PN"10"55;
"IN<SIZE-1..0>"
$PN"9"54;
%"R_SMT"
"1","(7750,975)","0","r_resistor","I96";
;
PART_NUMBER"10006514"
TOL"5%"
WATTAGE"1/8W"
$LOCATION"R31"
CDS_LOCATION"R31"
$SEC"1"
CDS_SEC"1"
CDS_LIB"r_resistor"
CDS_LMAN_SYM_OUTLINE"-75,25,75,-25"
VALUE"100K"
JEDEC_TYPE"RESC-0805_W"
TYPE"TF-SMT0805"
PART_NAME"R_SMT_0805"
NEEDS_NO_SIZE"True";
"2"
$PN"2"48;
"1"
$PN"1"
$WATTAGE"?"56;
%"R_SMT"
"1","(7000,1425)","1","r_resistor","I97";
;
PART_NUMBER"10006506"
TOL"5%"
WATTAGE"1/8W"
$LOCATION"R28"
CDS_LOCATION"R28"
$SEC"1"
CDS_SEC"1"
CDS_LIB"r_resistor"
CDS_LMAN_SYM_OUTLINE"-75,25,75,-25"
VALUE"47K"
NEEDS_NO_SIZE"True"
PART_NAME"R_SMT_0805"
TYPE"TF-SMT0805"
JEDEC_TYPE"RESC-0805_W";
"2"
$PN"2"55;
"1"
$PN"1"
$WATTAGE"?"2;
%"D_SMT_SCHOTTKY"
"1","(6725,1425)","1","d_diode","I98";
;
PART_NUMBER"10004915"
$LOCATION"D14"
CDS_LOCATION"D14"
$SEC"1"
CDS_SEC"1"
CDS_LIB"d_diode"
CDS_LMAN_SYM_OUTLINE"-50,50,50,-50"
$ALT_SYMBOLS"?"
VALUE"MBR0530"
NEEDS_NO_SIZE"true"
IF"500MA"
PART_NAME"D_SMT_SCHOTTKY_SOD-123"
TYPE"SCHOTTKY"
VRRM"30V"
JEDEC_TYPE"SOD-123_W";
"A"
$PN"A"
Clock"False"2;
"C"
$PN"C"
Clock"False"55;
%"R_SMT"
"1","(6900,975)","0","r_resistor","I99";
;
PART_NUMBER"10006514"
TOL"5%"
WATTAGE"1/8W"
$LOCATION"R25"
CDS_LOCATION"R25"
$SEC"1"
CDS_SEC"1"
CDS_LIB"r_resistor"
CDS_LMAN_SYM_OUTLINE"-75,25,75,-25"
VALUE"100K"
NEEDS_NO_SIZE"True"
PART_NAME"R_SMT_0805"
TYPE"TF-SMT0805"
JEDEC_TYPE"RESC-0805_W";
"2"
$PN"2"56;
"1"
$PN"1"
$WATTAGE"?"37;
END.
